signature,beneficiary,mint,amount
67AbNtgFwYLsZTPSD2YPB3Dj6gVh58mcJ39376qQRRutvqKZ4nmGPJm7jvH4qa9DZSCScKtqhSPk25qUW8RjMtpq,nov2fLdHRJHqERoitTGfPuTobS49jbwhGckeAkrAvK2,So11111111111111111111111111111111111111112,1.6107000000001315e-05
66UBg5Hjdqt5gQdiPLJwM8M5AsBqzJ9bQMLC7ZnCxnyxWBKoxbNG1YFjD9NFUegctxs27Tr8KW7G434igBVgwnrx,EuLceVgXMaJNPT7C88pnL7DRWcf1poy9BCeWY1GL8Agd,So11111111111111111111111111111111111111112,0.00020809700000000084
5qv3nammxLQgqC9iJUY9ztB26ex8S74fvea54pDj3h2uWtrRrn76e93ZLKEVneuK5BowbQPzLzkQWQkbTtGbYSia,8Kj2MoiGtDDLFZMPCCAgGkRQ2RFi2QV2YQ4K1EGvhMTz,Es9vMFrzaCERmJfrF4H2FYD4KCoNkY11McCe8BenwNYB,0.01500599999999963
31tB3Vupwwe74T2M9ahT1YTrAnA1tDMgyAMJAJBshAcgXiJnjkLgNm1jXExHp9uPeeeGZN9i4kAv6wgfp9ooon2c,4qWht7gPqJSZtXkKFPG2F1SiU3rF9mLyGGkBpc65x89A,So11111111111111111111111111111111111111112,1.739999999986197e-07
5V489m7tpGKT7djKuarkEViKjH3spW5pnwbPuTL8oecdExcgjJWtUNsyKr6eitLBmehG5UHetFEvtr6XKQ5r62Sa,Ceo1B2b5EQEQCkKSaCScN6MPMYToHSjfNKH4h6kYdQy5,So11111111111111111111111111111111111111112,0.04013252200000039
2RSnqdHgBLukBBq267NgbcX9UFLRt76EugsEp3ciq257n58kW4Xd4fYZMMhNAtD2QjQzWsvqAr7yGCM3G4sykiy,CbNMHuRaj6DHDzrEn9qDzJC2yo69rb6sntXGpzjhaCs,So11111111111111111111111111111111111111112,0.0005860280000000023
TBKDh5d5PFHQqbFVV5DY5kdm59MAdJBbp957KmfJ5qm3FhmovPiNTefeqEA4U3cTicVT3LZ8tVvae1rNYdmYdjT,5GpzkbJ1L4sAbJqwfHtVTiiKsRKnR6K9u5QYcQvjnFJd,So11111111111111111111111111111111111111112,0.009359399000000046
3JwhT1zeoPri9qFTbjsCE5uKniDLiruDiG7eds4nUTKfAaafGZcwZvANcDfEjT6njnDvX4BXe2BJYZ1gtwoshuer,GSMhmutjrMdaAMfe5Tmwzg7WVxaC4VPD1MHhUwe8uxnb,So11111111111111111111111111111111111111112,0.0020847749999999277
4g2G7GVTaQSnaCRM1viTpe8Z2w5u9ZUnZy43ux7RGLwF7GyYpF3SyBibTAbAkahP18uTpCbSFUAdNm4ZQ8iPSGSN,CE1BrgijtkvqgMvfVDfniTZsTn2KjtSP6KNF9mtTw6TQ,So11111111111111111111111111111111111111112,0.000278466000000005
5iKTQzaXZEqwJ2z5zbUXSJFwg9DQCQfpkncJ7zDXsvhtPqSnjtgyep7M72wCjhAGjG1kTcS3JtJvqpowz6XoivyN,wrongpDtP8oMtw7iDT6FPvcVSS4qcKiqzD2DNSeVyKc,So11111111111111111111111111111111111111112,3.337799999997282e-05
3bKLXXribB45gPgK12ZeNe63zGps5qa3RfqHEYznejwTan2AxqN74HMynPiXKuWF4ed5ppRtKqDX9GHWUSGpD4tc,6mEmjfJFXgvusacn3QPsr5swUNu3c55VMJfiPz8ovBag,EPjFWdd5AufqSSqeM2qN1xzybapC8G4wEGGkZwyTDt1v,0.012093999999990501
UAFArGdwRXeVHeeP69noJNJMQ3XcMq6VHg8s41sFbPMMXEyT9WksWLwPGwc1iapnQJbU7NY5s7r55ZpsxXBBZX7,DvwDAqaNRgCZfL5UCZUrUzbNS3cbiUxZaLYokTZ9KPgd,So11111111111111111111111111111111111111112,3.08180000000019e-05
2TZq1phLepXzoVahKN2zGzN8DKWrMwQASYFZTt4c8s7HWLQPhFrNpJdEVSoWofikxzSTth5GMv7mdcgo7PXn7Yjg,HzuK5PCN6gi8gaKHZwRMhXS4sJiHyUFM3dtBHXLykVQU,So11111111111111111111111111111111111111112,8.430699999999874e-05
4s6TcrvECVrH9XDoTSqCVEkK5g3UAGpqKUXJ7nJaAXVQtAuFtRZ4gvtuBc1ss8SAoq2D5TU4fdjeqJ2aVD36REgM,HzuK5PCN6gi8gaKHZwRMhXS4sJiHyUFM3dtBHXLykVQU,So11111111111111111111111111111111111111112,4.413099999999934e-05
5qLFva8n87fvkKDXcRWHJUc9z3w1ZBD8AGnNNfJsjmiMBdW1kBpo1auXfyfQcVQTEifjQwz5fsLyEWtPFUKQEjCm,Gm16UVXwhB8oaipRTa52qJ36zWeBK4k3CurkT8JGE5VE,So11111111111111111111111111111111111111112,0.000449960000000027
3xAMWqq4Y3C7jjaHuDTcoSbooUqfs3R1iDz2BBoNSk5f94eMt4NczruKux5ryyNfc3nXG1idPbPHfCLHiqE9iCks,Gn96hdr1mboNUMuPEg2DBmJNvwxJf8Z51hGahVNdkSxT,So11111111111111111111111111111111111111112,9.764400000000784e-05
3vmYH9RMuJKRVvfVWPurkpm2dSMi2cuDB7oAeGjJnBDa5NEWqpQVNPTZKS9PAvcedwtPDAPmdYMGzFpY1nG9HEGf,HzuK5PCN6gi8gaKHZwRMhXS4sJiHyUFM3dtBHXLykVQU,So11111111111111111111111111111111111111112,3.302000000000166e-06
2jYCsqKKqpgEB5c5cqBC11pPp9wDMY6rkH54bhBPF6NoTc92oYCpnHENgAoZLHz2pJr5j8tfs4Bn9Lbo4pLknSS7,5nCkbb2j8UszeJsF9SsU5DXPo3PwjnJxBTPSppYHnqh8,So11111111111111111111111111111111111111112,0.0021803549999996896
5AQucSrfK1ye5AxbQeJkferGEcNCj9gWtjzEL5JV5NHTC2gazJptwKgjVFPfvj61EYCKhxXWN1VaMP8DACGro8YZ,7JFphvzpvcQjJV7Kv7FJnQX8h6GDKNrpUFMpKg7Zc9Tu,So11111111111111111111111111111111111111112,0.0008945449999999966
5jiUREEzrc6owxQGah8PKq5H44xtvLkWHN6cLky3NKy9Vq8BcGXFqisR5iHfdESviAJoigYwZMBuMKzQQLmz35uN,HzuK5PCN6gi8gaKHZwRMhXS4sJiHyUFM3dtBHXLykVQU,So11111111111111111111111111111111111111112,7.73099999999971e-05
2grHe1fajJyq6rAnsDhzFf7zHPoXj2SVwU5qotBonq2jCnvhLqP2gRTEuWot3b74f3q2krzC1auxssHu69K2Dc7D,HzuK5PCN6gi8gaKHZwRMhXS4sJiHyUFM3dtBHXLykVQU,So11111111111111111111111111111111111111112,0.0005973639999999891
2Mf8ZG8iQ114nhkVYxEMBThBQ2URL2mtCV5xzKy33UDPnDM35KbWxPwA9jAbkLKYMnAFmZZGHKzDTczFfkqXXCYg,5GpzkbJ1L4sAbJqwfHtVTiiKsRKnR6K9u5QYcQvjnFJd,So11111111111111111111111111111111111111112,4.190000000015015e-07
61AsU2WbHtKjRtBqhXe69CuBJ1jmgPJooTXyAuuLY7KE55cAFbjhGE6XCjEjCZkwxJUyf5FLVt1qSot7jC9eSXfx,FQALtCrik9tuae1cqpb5WNBma1VuVNu9UR3hvUDytyzu,So11111111111111111111111111111111111111112,0.0008885030000000127
59ApWU2vBtpTsZdBv1hrJTkMbBXGxjN2wugwPReTsR2Zm4JpGWFd7PhY1j9sZTN43NXbeVQ13AN7QxPN3kVo2whR,46hE3bEFanjeU8ZkD3Xwoz3Ut2WwSJezRfUUaHRX9hc5,So11111111111111111111111111111111111111112,0.00020836199999996197
3CZRD9PsB1ctXBGWHrWXSXJAdCWQLFr82o4c1KpxP5D2qfTwyWYitigk7Jq3CjE9jahNBh4GmiG6udiJSN1MWyxf,CbNMHuRaj6DHDzrEn9qDzJC2yo69rb6sntXGpzjhaCs,So11111111111111111111111111111111111111112,0.00010174500000000031
2Y48sfu33pAc9cXb9vbDfrGk2NUERUqDBDRSPdYrg2CfcLkCQE3jFtbkVFwxYzp48PK33ajHEnBZQzGhu6ASo9Ud,BR7BXKPRpSNn7X1Dh16Kebf36WLUf8RvekVDq9DZcjxh,So11111111111111111111111111111111111111112,5.107600000000059e-05
5xSu4TUBL5fs6RbvsmRPXg6aF8JFXGT6sUoqjYqWoBojYEEWk9AJt5tDze8sgwjetSeZ7Dad9VdyumypF5sxUsvN,EuLceVgXMaJNPT7C88pnL7DRWcf1poy9BCeWY1GL8Agd,So11111111111111111111111111111111111111112,8.25529999999991e-05
3AthuNCJxjkDBJQdfmnSRXoVXLZYFgwE2wtZuJj7kwFewczeDRrriC3ze96LbpgS4eh335GRmHa55RbLBKw6xv7J,EuLceVgXMaJNPT7C88pnL7DRWcf1poy9BCeWY1GL8Agd,So11111111111111111111111111111111111111112,4.483000000000091e-05
4rZ1SQcA5tUJm5T16UMMqoyTuwmbaoNztRQQp6fEXmabDvthDNXzjBKkHvjg61k3G56CMEVNobyoy4T48ETVhg7x,2CACCYAuRA8TZ7vM8MJQqNmchKc8LP7HpfGYXDsbSG4w,So11111111111111111111111111111111111111112,7.578000000000272e-06
5ESDh1ky4ER9kJbtq6V615hWx7FESdS7tZEyjLJQJEJA5Fz2i8pWTAwWbWTcdKhW5Mx2emJRm97ryXuHBJ6zgTi7,BD6TFcNT3BN1signjNmiq4VKiJa2d7LUQCqsKAYKaXU6,So11111111111111111111111111111111111111112,3.1695999999997726e-05
2Z3N6mE8XoPnvx1ifTCTpApAG5E7xj5LKwrcAtVM8yjbUma82kFq5onL4fHdPsovV7k4jhpHTrZN6Cgv89YEtMt6,DvwDAqaNRgCZfL5UCZUrUzbNS3cbiUxZaLYokTZ9KPgd,So11111111111111111111111111111111111111112,3.8394999999996626e-05
3Td44d2X31LqzL1TLDvXuP8bui5FxWg1rfPQaQoRKpBwHt3eoWhzAQ1mCdGfeQWwf7LVZfegDsexjrdp1Z7rRgge,Bu111YBcn5Mt7DoLVY9VhtwuPZB5S7BJ6fgePifzCPSf,So11111111111111111111111111111111111111112,2.1708999999999964e-05
65NrguJ3QAmwrE8CRYTp3ecyp97fRNZK5LmfGrhQFyBh18W9FkCJprxgcm2F1SkFKVj4LEstuRkQWtkEofG2h6KL,DDEw7LcjzrDwpUGKMtDCVZKixd9ZGykCCA2VRDfojQsq,So11111111111111111111111111111111111111112,2.3585999999999052e-05
35uZrN7QBhjvUFuoYc7MTGSTnCbafU56CGncCvnSwZ1woTirZXjMe2HTkW9AmojhmjSU9Q6JXXDmHVsmM7pKQBcX,YcjUULpoURFD8TVwDZC8Wsk4RbAY5L62TH3rJoaFFTk,So11111111111111111111111111111111111111112,6.203000000010173e-06
5HS2jPeZccYL7YDGdYzv5fgUGZFfpXmTHgBuz82jYR6WRc7kCye7u4qmkMbnxHnb8MoAgxyxGHt282MejHUgMtBg,2VdzLvPZrpvgwT5pUjTFZjDoJZonrBB2xm5jbC1KC671,So11111111111111111111111111111111111111112,4.4189000000000034e-05
4vEhK2bUiwk96qiYpDdxamLUQ4zSHBXU1yykRE5qzBtYbENSx4JDzfpcTUJe64xwryUAPVyEDJfTPQEzc6WV2r2c,6tjHvS2HU5eAMti7aUcdgSAhqtHjxsdcvUSLatEkNVtp,So11111111111111111111111111111111111111112,0.014064090999999834
58JnHvzVMfuwLxTn9CQpSSohywswcL8ReoiBKqpcWt8yQzmb3GH6QaDQKMpEspZu3xQwa39h4gc66QT27H3tNEix,6zhK4gpohxPyk7fd4nTqWMgqLJVZshivxe7r7G9EdTgf,So11111111111111111111111111111111111111112,0.0003397019999999973
2jSxZBpYPqHvTC65mTDojZbSqKi5FepdJfDshxn5Pq8DWeNLTdKic5GJV6353kMkHvQ1EVemdknKdUqBQV8yttGX,AmbcqD1BDrREBGHtRgcCjVe5JsEFTQ8T2r4Hi82ETP9e,EPjFWdd5AufqSSqeM2qN1xzybapC8G4wEGGkZwyTDt1v,0.09641800000002831
3bmYv7w2XXLvesFbYZ5NudvqHDveBW7PnPMznaEUXTY9Yz4NFgMRckiQBrcjVR7igYSw65GbaPxPWgJhs81M1xde,7JFphvzpvcQjJV7Kv7FJnQX8h6GDKNrpUFMpKg7Zc9Tu,So11111111111111111111111111111111111111112,0.000236357000000003
4Phwzqu2XaMTpEgAVVy3BwjxQQ1LBhtoxaSU5E3Z8tF1hZijJNUrSFTUjTuzthE3xPHvvKFpBFUAdb7ZadRpaY5k,6zhK4gpohxPyk7fd4nTqWMgqLJVZshivxe7r7G9EdTgf,So11111111111111111111111111111111111111112,9.786700000000148e-05
3MyTL28pcE6sxWcFaLJwUSW5Z8vrXkCowaGcLYnutMKkrdNvVUUiqtDqFBvV22UJbfn4TTqWmEYoRR3gK1c6chb7,CeoGoucJbwjno6KC1BiX4efKGqQyBjRzqgyhLYwJfgfr,So11111111111111111111111111111111111111112,0.006345844000000156
3H73yqrFejkDmTFQKxcJyGVXFPdHArESiMp1KTuXaMdxHyQvZg8EVL6NodRdCQPhDX8RbKheqAPZqKEnC1c3JM1L,ANwWDBtanRCF895L5SgjY79AQKJXwG5LdKYfTmQC1pnf,So11111111111111111111111111111111111111112,2.17990000000029e-05
2Uw5SYHa4w9uzTNghTspq23ugSG8iDWeYJzEas16qXnQHTeE2JreNHeUq93uQCvFngeiL1NPA96DiLsR7DR1HAQD,6DBRRXagTDX4yzGSpSZZLUv4LWzSehHWdFxPt4jk8KfT,So11111111111111111111111111111111111111112,6.824800000004849e-05
yzauaQ3YvwJPtnwDuFydVDHvahhjSASyPZWnwRhoCtunhXs7wBG2gWfZVqkmvLw3wwkWBs42WWxSGjMFKya4Pq7,EricNvnLiJreYVNLmfBUVQLqDitMXNgPTyMZiJuNVs4S,So11111111111111111111111111111111111111112,3.83990000001333e-05
4poAQJ3WrtsBZhYbjKTLxUdup2EdrBdU5oTdj3W6jWojxkNuzJSmNFEzf5LC52NFnsb4nq78Vwz7QoPAfmKgZ77V,6DBRRXagTDX4yzGSpSZZLUv4LWzSehHWdFxPt4jk8KfT,So11111111111111111111111111111111111111112,8.561000000018026e-06
55kipizP16Bu3UVMWeM5Jf2EdTcYEAeQYxGkqU7B2Nv9DAkC8pFpyXS6VjmdYoGVmESKMpcx1LMsTefaDcKwovJe,CeoexdLDkYm7YnSSNUBbr9jdW2rwk583UgLzb8ScWAzP,So11111111111111111111111111111111111111112,0.011526826999999962
4oqj1fTKcprR6K2KodoxWZ638JeEUsV98oUjoZn6HwVLSnd89YAwsPbwxUFsWDas7Sip1uYri8rFwN9sYpmD9axg,CeooVr5WRUjH5jMf7nqUN1p1kZ7sFonwBvvTwdTuWkAz,So11111111111111111111111111111111111111112,0.004888837000000201
2DN2QkJVDYTkSw63S8EzxV4THYGC5wFCdAbKFNyLPuL22kuejdtragueF9uVFzBY9H3hZGZfvtWRHWGG7N46sXjA,67PBx8EzR2ta5TN2ZpsFWW6pxPAzDdeX1UspbRGK8kTw,So11111111111111111111111111111111111111112,5.0139999999976315e-06
M8HHfyWNgfE2445cgq4Eu8GSicQPE2bTe64Sdp6EqzahZan2RyTECGLBak5GwatibeeQT3Jmm2yzjueDgZYenhk,HzuK5PCN6gi8gaKHZwRMhXS4sJiHyUFM3dtBHXLykVQU,So11111111111111111111111111111111111111112,0.00021359999999999435
3FaP24guEkLdr4RyLvrtxsJDdaWZMZUiGgbLmbxnpcy6jRdzMiQfxPsYe9rRRpygYTmMuznQeGro7w3xP31d9YRw,F2ABsg5J6Jp8wtJVd4bUDAPUigKyf9VzNcRyABUAWXZV,So11111111111111111111111111111111111111112,3.884000000000873e-06
TnezHuX3vXF1dEhU22rs6U2RgpxgRajDarpso4uHY7J9r14D7qMXvWQAygZfgcTnp6koydKx77KCGnX3xszdB7N,FaoqbZtEnpfSpbSm86VLcwSKiqgWAPfnkPeaEWvFJ5ec,So11111111111111111111111111111111111111112,0.00021468799999999066
3PaeTHERd6dxa95DEjunXL9YVnA8WGKmr7xGtbvM8hUHh9QWeNaEcmVsr8CJwiTeNh9ECf1eUXg2qhGvbGMWBCyf,6zhK4gpohxPyk7fd4nTqWMgqLJVZshivxe7r7G9EdTgf,So11111111111111111111111111111111111111112,5.507399999999524e-05
W1DunC2nBK1oPGNRTbC7XgcX88vcVwYSANwCyKqepRVS8x4rVee38vTKkc4twfa3bFPG4YYjUpP9zGPpJhx35Xk,HzuK5PCN6gi8gaKHZwRMhXS4sJiHyUFM3dtBHXLykVQU,So11111111111111111111111111111111111111112,0.00013279100000000016
2ZeAvndtH5CuX83tBALHJ6Xz5qYwULUZyV5GYTi1Jo7G6ej9GpdFttR6VmAkXmeveFrJxyZY1hYyhTkj5Nj4keny,HzuK5PCN6gi8gaKHZwRMhXS4sJiHyUFM3dtBHXLykVQU,So11111111111111111111111111111111111111112,0.0006374860000000204
44ATZBUAnubjr9K112irdwzMjx6VqERfBzDjXE7uSpgxjVi7WxLjzEdEjSRsv6PwZowBryZexvokB7c5X9pz9bEZ,HzuK5PCN6gi8gaKHZwRMhXS4sJiHyUFM3dtBHXLykVQU,So11111111111111111111111111111111111111112,1.0304000000000042e-05
3aftkVbhmd7dYYPXm4cKTephPvosPX2FbTDaq6TXM9ehEuQjitojjWiHrEWSFhLJjzzmXrty5MPfrMK8eLcTqSAu,CbNMHuRaj6DHDzrEn9qDzJC2yo69rb6sntXGpzjhaCs,So11111111111111111111111111111111111111112,0.00011860000000001036
3oYb8xc6HhqEcYW1aTew5LDGXT8UmQMXuV3Z6gqmbvuBms5PGCFz6MPw4GsZSMMkkiF93uQMKG2romfBJmaBnqio,FQALtCrik9tuae1cqpb5WNBma1VuVNu9UR3hvUDytyzu,So11111111111111111111111111111111111111112,1.2895000000002349e-05
5cmSWAqqKugQCjUVY4i3cnK5WPiKEzdHLcwgMLB9wtE9QdwLjwXLPxiUPmhgwnFEHj8PRqh4N25SpnbFdkpdQVAQ,BP1AyG1dSyRWZkre6umomdJm9HFWvGwJrKDEDbqC3Vmk,So11111111111111111111111111111111111111112,3.6239999999999883e-05
5eGGxrwBY76WgYtasJo6f7UoXtTBPqQXaopqUgLDXb6fQ7NhSaeKZSgLLjLTqvXpvcPoGja8nyLvKYGwvxgeqM4P,FoFmkTLJynxovHtQ3qJVMxCxP1mAT1dQ7Ningcz5YZfw,So11111111111111111111111111111111111111112,3.217999999999971e-05
2ZdpDvPe7PEWuoVNkhie6DJyx3WvJgmwaWavTgYCmq9HJpWcrNJmsrZWQr7soQk3Tr28PBnyesJxhT1M9hKswNnF,FQALtCrik9tuae1cqpb5WNBma1VuVNu9UR3hvUDytyzu,So11111111111111111111111111111111111111112,3.779499999997937e-05
4ShFUy5ebngvGD5oEk9ZvtRAX9tVPDGzcX8eRKxd4WWHLGNqPr2Znaumjh9AhAigHZSJaEjRdAosD5XcFkbEYMxS,8rsn6mzoDnZg6ynLtxAWfnMfoiLdxFhsuXYQenV77cBM,So11111111111111111111111111111111111111112,2.504600000000079e-05
wsL1HLEDswiwT11qDEptc1ncxqkKL3qJQ4tcUH7VYdiKuyuSDEoaFKWLJjCJgK93xJ3RPbu1GQzUv42qM3H1W8T,DvwDAqaNRgCZfL5UCZUrUzbNS3cbiUxZaLYokTZ9KPgd,So11111111111111111111111111111111111111112,2.094199999999949e-05
3GdvL9K3bNGQJrZKPirnHkHAh6n4cAgkV8HADuHAuhM9xhMUccfbeTanP6pJPuZCSJSQFgs7c6jJY7ed9apoMVsb,dexvcNUf31JyHkxcsceWpqGErhXe5Eu5QWLe993m1Pu,So11111111111111111111111111111111111111112,0.010020870000000015
3uosobA1RioKRJacTVq4u3GXbXPpvVmcmjMqNkCkgen4ptYVn1V9obD4C4SJengGxzu5Q1RMESja2owkMRaiTAGb,ByL8L3Ns8hfy17TUNcKiKjQgnLEHgHcPBpekAdnuyeM4,So11111111111111111111111111111111111111112,5.0554000000001265e-05
4qeCG6FZpPypk8k8ftesVFDAdJkyymPPBh2CeNFEm8JRC5zsdiWvSfSEdmCMSCr5pGjoj51Xha5GmrUbvWxiXdjN,A7FMMgue4aZmPLLoutVtbC7gJcyqkHybUieiaDg9aaVE,So11111111111111111111111111111111111111112,0.041491672000001145
TE3F3y1dEDCxtTH77hbpxg4BTVqjZxiinXNPos9c12StJXzw6RbLecVH4XEmRQA3TKWGJ9beACQawafevnhwYuU,A7FMMgue4aZmPLLoutVtbC7gJcyqkHybUieiaDg9aaVE,So11111111111111111111111111111111111111112,0.010973063999999866
568LeZM7F8DuzJq52wpVE1RhCrMBvmSpNnEGF9DdhfKBfFMZ3ede3pLd7AojZjjBfcFieQwazNqefpFmN6FSL6QH,DvwDAqaNRgCZfL5UCZUrUzbNS3cbiUxZaLYokTZ9KPgd,So11111111111111111111111111111111111111112,2.7463000000005344e-05
5c5fykvN2hbEjDdhE48QLYi5pZxUQHv56fYjWNYhDCynoPLJDgvra1LfgiceknPsHraem5mzQFgcPuTLstHULEtw,EfhdFC7SU34p2roTf3x21StiXPYWxYs1DwaiNcLUPbrY,EPjFWdd5AufqSSqeM2qN1xzybapC8G4wEGGkZwyTDt1v,0.0006989999999973406
3PrvJRxZ5VbfMtgbt51kAx16Nv7MWhReLS8ANoTvohpa6EU7ohNexky52ALsXcyZ2Yh5ZqjVdzV33vdADb36r26H,4QbWA5MChbahM5GqstbfHfbE3HuYX1grg4VB5MhmUcXr,So11111111111111111111111111111111111111112,0.0004252069999999969
Si5DWahoJZ5saseEmZp7HWgj3n8CZ8GbAfCio3sa4UUUKLZyGeXLQkoney1Lrr6kipqvVFepcsWaTzNuFB646ph,wrongpDtP8oMtw7iDT6FPvcVSS4qcKiqzD2DNSeVyKc,So11111111111111111111111111111111111111112,1.3167000000000127e-05
UdiyEWqD3LEEwa9A3kiQib8LnG1niikK4iAanDsbRr6DbpUSDZpn5RMxZyKB1ERsVuaEbFLepZ1fiPz4mqzo9p7,5N83N1WJykHfGg9EWqpopKhMCj6CXpArvCQ6dZ4G5FpS,So11111111111111111111111111111111111111112,0.0005103749999999518
5BiHVNmcqAMkF8S35c3qBnNMuPxVPA7h9K8vXAvXHKmbV8mtfnhjXVAr4oYP79xjYzh53iYzFkaUD2VamMuLcFuX,nov8f5D9jFQjEbMqZQax8Y3nJdb2bDk94cpneCtxmUL,So11111111111111111111111111111111111111112,1.2253999999999737e-05
UjjfPrT4K4iEvG3Y284QgY8F57Lngo6VRJYjE4VZqKEwCDu4sV6s68hfqtTsdEaQ6ZDu9ymupEU3Jtsw1k52YVK,HzuK5PCN6gi8gaKHZwRMhXS4sJiHyUFM3dtBHXLykVQU,So11111111111111111111111111111111111111112,0.00011498599999999748
5iSSAwVxo2tabSy4oE47FWndBzcEDUcWcAM1hTmavs3K9JgS4dXTaj2T2DJZz2igSQ44S9fen6QeUiPEcKmerDNd,7RGvbPfo6xp8WLaTH5aY4KUn6beoxtVwo8ofz4StKJ6E,So11111111111111111111111111111111111111112,0.00033996000000000026
DBUWVxgnKbbE87HPzEHBCkiyGecYDBJuVmaYxf6Tdy18LNFyzbZogB6qXq2gS4x2NKjr8eUiGfjMwZU5mpavkUa,EuLceVgXMaJNPT7C88pnL7DRWcf1poy9BCeWY1GL8Agd,So11111111111111111111111111111111111111112,3.44809999999994e-05
27QrhDcN3p3QvAProJ8c2Dhv9NhSxDeLAT3LxeTgyX2ttZrBnufqVfvD1mikbq2AB1XVSGVgbPigreSuPrUCWz3r,Awch9PiL7nwQqKNjXHzJd1KvTkFtauVqQDSjdUTqe28n,So11111111111111111111111111111111111111112,7.748600000000161e-05
39dnJasasRLyGSViQHiCTTnKP1bi3FrVaSsc1JGx8KK4r7BwD5H7GVTg54u33CYhwnyJzjC4oDZUsHPMBUm2kGDn,ByL8L3Ns8hfy17TUNcKiKjQgnLEHgHcPBpekAdnuyeM4,So11111111111111111111111111111111111111112,1.796799999999668e-05
4hNK6rPnqDd5rpmw94joKLRvgsE8ymJiGZQ9udnEySwFjxqKY13yuE89cAUUM4hrzi6kMyJR49mBNzHAnGdrXUpN,5BaCSGVeyme3LP4GY9Wkr8iMtrNZMbrXa5FsuX6gnFKe,Es9vMFrzaCERmJfrF4H2FYD4KCoNkY11McCe8BenwNYB,0.002200000000000202
3avGwaWUQGdqSrdoDowfW9vqmBherDaqmjhSmWBn3TKRxK831kx98w3wrX1h8dt2VPML8fp5KXUDsuWQ79vtfbcQ,CeoGoucJbwjno6KC1BiX4efKGqQyBjRzqgyhLYwJfgfr,So11111111111111111111111111111111111111112,0.0036072250000001027
2qnAzwkHHhQxD6538D8xcTU2bx8oBf8YwAm85tpH6xHaUEQPn4B3bZy2axG568S26MozFjpfTXNivBeVDg5BgcPn,rightnGF4tk4NaN9Me3gGhFc5MpAsciJJf3V1wbRQJc,So11111111111111111111111111111111111111112,1.698499999999714e-05
oXYLd7tYNtyyAQKtmdLjFbKU8G9g9MYJSeLkYzxQ6hbNtC4mEGnMJvK5UfES9LPPG4gHmkZqDRq8zkzy3YaoM1M,CbNMHuRaj6DHDzrEn9qDzJC2yo69rb6sntXGpzjhaCs,So11111111111111111111111111111111111111112,0.00022521099999998906
4eTv4XjP9pD6SZ3irzNoEKDFsxay35TZxejZkCkVrfz7dUXNd3uiMHzoRztptW9u8U9JCnWwwT16ctbpcho3nGLr,idea1kYJnzQ1cLJD6FRU3mRbUDJxPoYRWDuHTzhY2Ns,So11111111111111111111111111111111111111112,4.020100000001747e-05
qNngG5G2JJ5JpsKFEQfosySsQPWrh4JmJfA6fa6gBZCL7sKrtBzsoyZe5xAcaghdFTimau8DPWkUp7knjtMBjnw,Gn96hdr1mboNUMuPEg2DBmJNvwxJf8Z51hGahVNdkSxT,So11111111111111111111111111111111111111112,4.081400000000013e-05
3ScgSCpnecARif7VuVj9DiV2E8o6Y2PW9Dqt4EdUqLEDarFMyPpDGUbzRwWw9CZtnwUZn52MbeRof4nqBEqJzzu2,Guicyahx7sR8baUHcsEEpzsNm1BYbPy8qbvvtCeW1B2G,So11111111111111111111111111111111111111112,6.000000000000363e-06
2pLWd1nH9c61WntAFJ2NLW83sAmtEYwWBRZGpDrWVLawFLseiqrxaCB1XxxkvS6kCbYgfQBzVvW9dWZdNKPFh9zY,HvFdDWS3RqymRAVx1ZdoL2RjiC38r5dtt19Z8op5jqDK,So11111111111111111111111111111111111111112,0.007428035999999971
4g6rRxQdksjmie92o2rB1gcXENTky5hMxG96ZWTERYbtsT6HqyiFz4JG4rYbxRxidTqrgjREjcuyvJZ7DbiCxKcq,8VUPc3zJTqSbqYf26GtciL2DByb2kWA1W7s1N9Uyhsuk,So11111111111111111111111111111111111111112,0.00015963399999999184
2zhbfg8UA4thY2duTCCvz7bvdaBY5iSxPiMuWfoqVUF5t7keLEEQgGFzHKHXtKJ1Y7W1KA7F7Xk1rLsW95tj51T9,2Rf9qzW9rhCnJmEbErrHDDZfeEXtemYdLkyJ1TE12pa7,8x5VqbHA8D7NkD52uNuS5nnt3PwA8pLD34ymskeSo2Wn,0.11532899999997426
5UpT2o9qY9Z9RzJoA9Wf3bDCDdCuuaV3WhB1WrrSN8t66tMTzCx9txVfX2PstWsBSWkCMJBVQ7bCcnojqxKefHa7,HzuK5PCN6gi8gaKHZwRMhXS4sJiHyUFM3dtBHXLykVQU,So11111111111111111111111111111111111111112,0.00031231100000006506
4jdiSzU71re3h1X8wgnuxccGcbWkw1tHf8TrLfFwn6qf7VX4337ejuvzWXwJqq7iBrJNhHe61aV5L2b5WaYrxofh,MACXffmQJER8MtAzrK8KtnWhqwCrNEUMXKR2Pzgqjs7,So11111111111111111111111111111111111111112,2.72369999999994e-05
rBYQWPYgEMYUtbtUCZGJ5qKBaiwRLLVCqZQuVhnQGK7LaTszrXR6FXxGy1qncoiif7TM9iQgTfpSehdduaLk4ce,eatyCwmyfVuZ7XiDcZxpnRTe5YEvJSefaKwKKd6hatT,So11111111111111111111111111111111111111112,1.4868999999998952e-05
21QBpHx8hKwL5BiJZ9bfGjZ7UjMHiQG5bVDcsitsGusm6VrMHDJoExs8haVbJdYzy8csLagkH7j4P59TPfk1udsV,6sZGtMnbfZYrma9bKnTkLwjRYXBoTpzcP72cCAWPMhrk,EPjFWdd5AufqSSqeM2qN1xzybapC8G4wEGGkZwyTDt1v,0.0011719999999999509
5cuFmfKPDxPesg4GpMTijRD7Wvv4A6d1Q8q7HNnDqrV4xuFBLcb2DvwKwnPkS169LcZkLy116apyqpSDTrsJDvKF,5GpzkbJ1L4sAbJqwfHtVTiiKsRKnR6K9u5QYcQvjnFJd,So11111111111111111111111111111111111111112,6.8579999999984764e-06
2gb2fDNSbhYrQ2iD868o7ysdmhhpUjeV3J2i24zrtJaf8GMQPdWyvAG8Bon5dyDHbXQVoQmxbD9evFobtP7amyVf,BL4qYZzgwrZ5nikWK97gMHVoooFK4MsfctHAnLYPPsgx,So11111111111111111111111111111111111111112,1.1489000000003413e-05
4YiF6xGty1J1LVnNhQqScaVL2d48rQRL9T12deR2nXYabtfYWJ4Kzvzi8Dx3yjdKfCsi3mnsSc1hekQkL2ZXaz2A,HzuK5PCN6gi8gaKHZwRMhXS4sJiHyUFM3dtBHXLykVQU,So11111111111111111111111111111111111111112,0.0004229970000000083
63uKxb72HEvUsLs8sFiheUSeLUKHG5HLKeJhapjc4Efafz3SBMcab6pFngKoCoyhQfVfCW3ZUSvNxEzUvJnn7Ltk,9s5E1e91nLQDfjH8uwU6MvAckt5cAgLekNJg7dXJ46NW,So11111111111111111111111111111111111111112,0.00215161900000016
4JmmeLsXvNJ8zfHCtCjv5QGP6qP8kFvoHzKXwRRrbrycoVzwsnDSVXqMA5ARyTfSxKLSez3u12ZRdUCczHSM8tZi,eatyCwmyfVuZ7XiDcZxpnRTe5YEvJSefaKwKKd6hatT,So11111111111111111111111111111111111111112,2.802899999999886e-05
2X4bgLqY64v2FnEAbU7xDszVNK5goVjeUwaacAYi9xd1pf6LghMY3FszswG7PDDXqFVz9SmqPNcStMfrkqjcSSCf,yoinkeCWvHf8oG6iMNX7sjG2fVw99Y8d3ReYUnhzFHA,So11111111111111111111111111111111111111112,1.5786999999999746e-05
2Dz4p49uDqqfCgDxzcZZ5WJsMPuT7o3bhPSFTB1vvPQZHhNqT8nRFpkaSrtNirLA3GKrnXfv218TYJqVhotTwLbw,NHtdVXcUuzULRJ3GkupLnZcxmUZ4rTP1u9kVkRzcash,So11111111111111111111111111111111111111112,0.02105449100000012
5urAMNNMxJF2DMyqV6boD59un69X1eQpFMFLS88jw1z916BYPXNwvgA4cMeBLLH1VBFwrnQ4gJuxJfhYUKmGKTEg,2VdzLvPZrpvgwT5pUjTFZjDoJZonrBB2xm5jbC1KC671,So11111111111111111111111111111111111111112,3.574299999999954e-05
3hfSMNnjXSAV9rhBnUoLMPNYNkteshr3gUi4g7mvAywKggS8B1si9WLn7GeRgqTm8Xb5T1sJebME2jbjEP273UgF,FQALtCrik9tuae1cqpb5WNBma1VuVNu9UR3hvUDytyzu,So11111111111111111111111111111111111111112,0.00013106400000006957
5aGP5Yvpw3zPUNzJKpRMnwXTCqSCXsC5fZJP2vUagbpZWhB9pUmfdt8rW4gKmYze5RrAfyJbU7hbfiMA7qGhDcV9,933LWDrvp2nmEZLLff75yyVHpJ7vRMiYhgavTRkf6BYh,So11111111111111111111111111111111111111112,0.19960237200000108
67Xz1fxiBTxGUyi9d3rtdH27Z5fdeoEm4YorxqT4KrTsKpLbWexMVj7LRCLjUnMAxvkmcRHEP1wMej49j8pShPY1,EuLceVgXMaJNPT7C88pnL7DRWcf1poy9BCeWY1GL8Agd,So11111111111111111111111111111111111111112,3.603699999999571e-05
5DgDakKVpxuVwGUSQvbJVwJnWwoGbnfWRYSC9pLoCeKb3KTxdC4v6WzKT3DARERqReJyfM59LxcTWMGiCJWG2R3y,5GpzkbJ1L4sAbJqwfHtVTiiKsRKnR6K9u5QYcQvjnFJd,So11111111111111111111111111111111111111112,0.04066574699999981
5WqKffLAMgeRbUZyh68jHx1pqDfCDL6vK5tQmWMRKq5t2x7moXvFwPANcyA742VXbkRn5n573R5H5UqogVAsCgRh,GuiU6MpLahPHSHYcsfSRjwLUm1AtZ9zP2eiLAkJMBjg,So11111111111111111111111111111111111111112,0.20482245200000015
2oLVbTVGPFBgnWQudAvifekz6x2nw52CsdpiTNnQMu85111pwy3M4FTviGBZTS6X8DzpyK9LeGBzxYPbwuzWk5i2,UUAhspPgUdGuXUnokmxERH1VvNGNh1ouN3mfcbfV8yd,So11111111111111111111111111111111111111112,0.0015281279999999065
48wB1iUaNj3EUcp3MKRh2U4Y7BMaVnNwLJYE7NgAUg4PAATPGPhRtD8t6swntAJFS2erPPfXiCoLKcUZnLB5f3cg,8WiUx5AhwaSmDtjQHzTLo8G3m5PnNDFQSjWC7558zng9,EPjFWdd5AufqSSqeM2qN1xzybapC8G4wEGGkZwyTDt1v,2.5140069999999923
286fDTvYuKiCpboiRqjANBv7EWxAKDqnpY6us5QpsPd1hQmPEJyjtSfvG1xoFygXShGauaitBRRqhwF1kAkTeiAt,HvFdDWS3RqymRAVx1ZdoL2RjiC38r5dtt19Z8op5jqDK,So11111111111111111111111111111111111111112,0.0014828609999999465
47B6YKMu97pmyvngi45XnfFnwcxwzQi9AaXWCWiQHQEWqdVGweB8VST71cJrm8Z7Zs8hMLWZDYpK8oPC1szttkWb,HJLqkCFiNMUsXvqA9btLXFwKpWgCAXXXmNBFnSELvXSC,So11111111111111111111111111111111111111112,0.09780111000000025
3v2cii8jd4tqtvoNqNiPYF5ReWVjrbwh4pnMUr2t6YeBirN5k5ptycZpAe1qJNfWQVQbULwJp5DmDpEqqtTYsTCi,55NQkFDwwW8noThkL9Rd5ngbgUU36fYZeos1k5ZwjGdn,So11111111111111111111111111111111111111112,0.008428348000000252
59QEXA2jaY977c9yrT9pD97VK9m1jmmNwA3D9vxJnAZGGt7YntC2Gd6tiSRYsthvmMv69mXSXyWNgyFjuGvwWUGN,8pY1AukbuPgUE3EetyLa59rFLMimJGT94ZzbMEZcQF4w,So11111111111111111111111111111111111111112,0.023295312999999984
3BFsB7Hv9bvPEkNBG1B6uDczRPBkF39m4jeLGoH4ym6oX22LgDH8zJ8TDNUr3LLcdtFAFzUnk1BPvqcAbJdRoZ5k,GjXKVJu1HktssVGcaoTRm4k3ki5EdKLMMyzdheofjEgG,So11111111111111111111111111111111111111112,0.0012698550000038722
5z2Xt6FKE8eYLardvUczAkwTtiyrVar9AyWYYYFW5dFRokWHVhwmpRp5JtX6bww3ky3zazzs4bwTGisdYC8SBhMW,HzuK5PCN6gi8gaKHZwRMhXS4sJiHyUFM3dtBHXLykVQU,So11111111111111111111111111111111111111112,0.0009969479999999975
tJF3NW36RsG2ge8mvwLS19NqLEKER52PFDDtpdY1my9yRgkjPBEeJiMrx3Xzr7evDo6v461yjcTRMJC2LpT9gqn,HzuK5PCN6gi8gaKHZwRMhXS4sJiHyUFM3dtBHXLykVQU,So11111111111111111111111111111111111111112,4.2021000000003195e-05
4fqDr6fkSUQB9bEJDpUHjpKgw1pkGVnm85FsCctNzb2SJM9KaVx5J4C8bkbsTsQtrjU52WHUpbHw9Uequbmi2ioX,HzuK5PCN6gi8gaKHZwRMhXS4sJiHyUFM3dtBHXLykVQU,So11111111111111111111111111111111111111112,0.00020465799999999992
4o9gKgLbRbTRSKZA89RhcMZsTxmEBRQwhdCxg7n1vLJWh4rG1JgUjo9jkTX6zwNeSbho1MoHboMKAxx98fxXbs7K,HzuK5PCN6gi8gaKHZwRMhXS4sJiHyUFM3dtBHXLykVQU,So11111111111111111111111111111111111111112,2.3929999999998397e-05
5FtCTPvUfYmMaBn7PQFH2r3Q2kHzCd5ZuoJHgNMpgqgsRqwRNcNmq8KcUfTjQJZmJRtymWfpMonmQCvFcT64mfsr,4qWht7gPqJSZtXkKFPG2F1SiU3rF9mLyGGkBpc65x89A,So11111111111111111111111111111111111111112,4.313999999999707e-05
28gVGobrbyZd1gFhtkkQq4ASDdoWXCZFfQXpzHzznciEdeeP3FK9gPx7emVr5ueL39BrcVmjUHrgqhc2TdDkJ3Nc,2YqM8Cxsk4VEog176udZonhGYxFDEZpV8qCppdStj1Vx,So11111111111111111111111111111111111111112,0.00021963299999860908
LCEqgt1riFSPd8rfCVfB1MUnhiGUM463GHMXAcNKrjGpMZZjfDDSHvTE1D2nW4xpFcJ5tV8CMoF53v8Ljwc23HE,J6L9fwPruZ8RmhTVd1FSyFo4ERisiooiYwESwsov2ZP,So11111111111111111111111111111111111111112,0.002556390000000075
54KNo5jH8cAZbtZGPLQ2tAzeYYbDWSo7jHfCAM2Jt5YNmGwRXpmiK74JcPgY6rz577E9EmDVhR49HzivbxfEuG7g,FQALtCrik9tuae1cqpb5WNBma1VuVNu9UR3hvUDytyzu,So11111111111111111111111111111111111111112,6.141000000003949e-05
5rwpsm5Z6BRDFa1v3JGyLVq5QeWC2UApu1hgi9xAhcAinKNNhMVpRGxquvh5FshGLCAB6XTo156EQqhkhjxEmby6,DrdCYPjXsixUnNofJgvqGnSciN3TpTT5UPfMM6YQCsVc,So11111111111111111111111111111111111111112,3.081600000000295e-05
59mN3pc2oosscoQ2ncUUkpc6yhFPABohvXyyEqLiGoengAhEus6ZEa6wkieWTL3GfkYWMDeqfzs8gkYrD6Pu3TSj,ANwWDBtanRCF895L5SgjY79AQKJXwG5LdKYfTmQC1pnf,So11111111111111111111111111111111111111112,5.1360000000055805e-05
4LXBDCF8WCcxRiRD9Uxau2Wka6uHnoSaHhHunzRoiB9YEm1LdZr2xWqXFw7Wits4bUNwjqJpGXZ7aCLKeDrx7PZv,5yVFuXUwFGoYFHEaiLmgHFXmn9ERrG5Tg9chCQFu3BBE,So11111111111111111111111111111111111111112,0.000274722000000005
2AauPygw9YCmgN7R9Us61E3f5TkeaeBkn3ym5vqAKtkGfGtDSEBQrLEeBut6ZEb2VWhRD6F2EtDVbZrh1kr36pYU,FQALtCrik9tuae1cqpb5WNBma1VuVNu9UR3hvUDytyzu,So11111111111111111111111111111111111111112,5.1956000000075164e-05
5TKrjgpRFDoJwYeEVGX2qQvncWsVN5us8j5b4oY7YT3yBLrGzieW9X5EQxzrRjenJuE26Ve8Y2dejxiArKjzEezH,HzuK5PCN6gi8gaKHZwRMhXS4sJiHyUFM3dtBHXLykVQU,So11111111111111111111111111111111111111112,0.0005519229999999958
5uVXWEhz6Vak9hQyDJzgJM1NVNBhxPDcHBdrczK58LQrH2o6Zno1LGCHL1NVyUAJppFzrevJ4eEv1GiL2UpieZt2,CEEXTqHaqbVriXoW4uvdaPShkMaHg9AWnFXLS1nS887C,So11111111111111111111111111111111111111112,0.0003043829999999914
5tHyt5EJB4RNQ1sUjb1pXT2kF94LTmiDmzwyQEef1B1x6x6mteDHBQ4eaNM5QzKKpxWxXjCZBBTYztCVH53DxXFJ,dexvcNUf31JyHkxcsceWpqGErhXe5Eu5QWLe993m1Pu,So11111111111111111111111111111111111111112,0.009402670000000057
1vu3oG5b8v128f1awqQ9hxFhFoQEiKwdcTenxhs6C4zWXfPDGPXAqf2UETxBBJV8a7swSib48deYXnFArG18uj2,7JFphvzpvcQjJV7Kv7FJnQX8h6GDKNrpUFMpKg7Zc9Tu,So11111111111111111111111111111111111111112,0.00012457700000000071
mNwbNZC631fEAcxpCKebDFSbkk8kgj3YprdJ3v2pzrdhabhvPTy5AiAuEgnWj2Lqxmdm27DQ87VxWBuopeEkeGD,4hXZL9iXMvYiMdYnbSzZos4b1r5QUciLPpZ5rPSJou87,So11111111111111111111111111111111111111112,0.00011984699999999238
5B7R6smXaUxDA7Su8hnnowdGuGHEs9E7XQjgcCya3iZCqp4d26n9ub9UtJRmeuEaVTH6oZTmkgktqkpE1VaB3yaW,81NbTyXmPLH81AiGTYASq95Y8Juq2XPfDqGfq3ZPd1tR,So11111111111111111111111111111111111111112,0.0018980500000000955
5qkaPGeZGPXZnLcyM1dpRHpRfbQZXMU6S3wnEPbBijto4nbhiDM9B32bKzRd846qyBdRvRJCAeMDtqzppiR3zatM,HAjybPXxWfd9qdiANjaufSf8oqe7fE5HJHY8HJ8mqzhb,So11111111111111111111111111111111111111112,0.0025299509999999747
qpBiLXTaaghnL3szXth2kkrshSNzErUAa3hgRpDBVKEwcjRHufGMBrNfR6mRC3U9GpwmR5pkuVSnsxyh4bgVM2u,HAjybPXxWfd9qdiANjaufSf8oqe7fE5HJHY8HJ8mqzhb,So11111111111111111111111111111111111111112,0.0034274510000000813
4rBXC7QjhnoBSxUwzfeoLebQUbbvGgKv2yNMzh5XPpuoKGB77FX6QemHvjmnPQtPFSpBeGhKRi7Gb7dqV3Um5A12,yoinkeCWvHf8oG6iMNX7sjG2fVw99Y8d3ReYUnhzFHA,So11111111111111111111111111111111111111112,1.8747999999998988e-05
2ne2KjoAPZ9S8QdkwCUdpQXTPhmyeCpUNqhEjvKw4yDwYKTMX4huemuPhHAiWjpS2xscLAqTMK6561rUxA8Caoeu,CbNMHuRaj6DHDzrEn9qDzJC2yo69rb6sntXGpzjhaCs,So11111111111111111111111111111111111111112,0.00010042000000000384
j21BPKRBW1n8tZ4xW8sxGouFrtFtf5XURaq3niG53Fx6LFqTSKn5UgH8kxnjdAuv1CyHG2Cg8gqr9GL5RsotqUN,J1bvXv1ZJW9aMgwL8KKgr5YGxGehGudRbsKYTT7nsXBg,EPjFWdd5AufqSSqeM2qN1xzybapC8G4wEGGkZwyTDt1v,0.02809100000001763
3DzDAKc8pWxVtRLoz6qitLGqjNUQvThkMLL8i4qeYgPW2aecB8TDrf1XLL3Yrox6ndyVuTDo82KEkBrSxrBk7NR1,4ubwGthQ8cWaoTj3tUnXMn1FjxcNY6anGGFcjqbbkpEa,So11111111111111111111111111111111111111112,0.0018481649999999572
4jrBJ4obbgvyTQtcXtYuWT1kDjzZxwLT3gauuYETKkNnotGa31rsqnWr7vgQkxzBeVf3NAHRQpGDETKGGzCcQ74T,FTAeo6dUxFwasXvmxvSDtLouGkw5y8xdaRRxgiKRCweK,So11111111111111111111111111111111111111112,5.05729999999982e-05
39LmCpdTyKCYqeS8PkrvmvjEhbuJdfaTJu8ckD9YqZzVNBUoj1JwQip91D9qZ7raF4x9MiX6TEStHt3GuFeXQ4C4,PpUP4nSzRksjrVmoHrye7oMc3s8SaGcWMmJ5LamPgj1,So11111111111111111111111111111111111111112,2.100400000000502e-05
2HgSDzx5vbocEpnG94xXyjcHMQJQBn5VzJMs2QCxLt7F8pq67WiT3KuLuFLjbR45SRoYBPgPVq6rRtC9UfDqL9sb,FTAeo6dUxFwasXvmxvSDtLouGkw5y8xdaRRxgiKRCweK,So11111111111111111111111111111111111111112,4.918999999992124e-05
3x1amGd8EsfFb4MfiEwyM9koWoCMpohVyCjU5foKoXMszQR6yDVXypebkm172MmzEFWabrb6Huv9tJqgDJ2KMC2f,benRLpbWCL8P8t51ufYt522419hGF5zif3CqgWGbEUm,So11111111111111111111111111111111111111112,0.0047376830000001036
64m1kaTaBuEDzahqcSvq9VbjfdJqCKJZMXFnLJEWE2EGwtkR5QsCB8GoyX2Gjoz8YNxp9KhN7SmM4YWkqHxYJ678,Cdx4Yt2TED94J9fPbDqmJCwvmguzekkFhq35AauCpT4R,So11111111111111111111111111111111111111112,0.0026305460000000114
cTcTGB8XcndwciYyuTMvVQ7n4VgpvEhuifQfUKN94yu11S7M5DtGbNgeRF8e8sUz6mkzWSCZ5babs5otA2k2UY6,4qWht7gPqJSZtXkKFPG2F1SiU3rF9mLyGGkBpc65x89A,So11111111111111111111111111111111111111112,0.001085025999999989
YhHiCgTZzcTJmMqHu9rU2wS3cv9qheB6FWBUJFGVUSrcapbNCccWsjdyDvdRPMEhZnUny4oZj5FSDkwX1mW99QV,4ywa3NKfWRX3jpMxWydiWzELuSbdDUhTV5QnoGexjV3e,So11111111111111111111111111111111111111112,0.002048088999999864
3AxNJ27TSDqgdwqreMG69G3FPMyxHzdeLKDQnJZERup1yK51CstYFph5YBP37DGHAGjeYg1ym195TUKuu9R3YS7u,GYfdKUF7U7Qgkvp82sXyA6iEmsaLFJXV8ByHCHWG2psG,So11111111111111111111111111111111111111112,0.0020574079999997608
4yD3jwGkZnCVvFX3Fh4d3czvygFQ1u6tFdWhNpd6dmXhTrgAKpQEJn4suGxKaqdfuYgy72WCSJ9BCq7yBWSupr8N,3qF5gXKNV61n3nu9hYGtqDE5RJjYk6AvkfdjUW3A1kjt,So11111111111111111111111111111111111111112,2.5114999999999166e-05
5H5CFqi2JUvWid56pnXAcTU172HdzctymssmpqvRbXh6uDepW2z5jAqfFpCqDq29vkkx4unrPaBoq9nLKVGKc5RP,idea1kYJnzQ1cLJD6FRU3mRbUDJxPoYRWDuHTzhY2Ns,So11111111111111111111111111111111111111112,3.4802000000000444e-05
LiprRH6LPCs8eRVfGcpLiwn2X2GZPACGGyvTubLJXR4jdn7xpkZRKGKMHKwe6L1KssManJmEN4757mewa6XtYGB,wrongpDtP8oMtw7iDT6FPvcVSS4qcKiqzD2DNSeVyKc,So11111111111111111111111111111111111111112,2.8889000000000258e-05
5EpySberSzXKou4knffjox5iSrsyaRbXH3AqDEx3UJ8ZjAAa6dGPZ9nqmAgpRzT2vuK1ytcBDNCPW4czQo4zMrRh,75ULw1FyG5ZY7aJ9eWGpkydbrP7KQhF6ULZA4Ho9axVi,So11111111111111111111111111111111111111112,0.0004330799999999746
3oRR27PiAFppTTt7EVoJWC8pAJ8QZYMiX3DLMNeP5qtre9GvUVaeMHLPi4cCU4D7NZDrsL9bD9AZEUgXsU19E2Rq,75ULw1FyG5ZY7aJ9eWGpkydbrP7KQhF6ULZA4Ho9axVi,So11111111111111111111111111111111111111112,0.0002029020000000048
3cYQ6vVtwStN7ppvkHyVc1VNDaYK5UgBN3WjyfZ86HvpHAqP2AdBsUqGgcy1iuuCWz1CPe9aoX4YB2AaCvHfxYJV,75ULw1FyG5ZY7aJ9eWGpkydbrP7KQhF6ULZA4Ho9axVi,So11111111111111111111111111111111111111112,0.00020897699999999908
214D3v9Q7DMa9QtxSekTP5kjMrLrwDD1MbKkKefzMHrmZMcyP6AiaH2qM2F1UPgA1ZJ8pvibvWTQReUpRPNbhepu,7JFphvzpvcQjJV7Kv7FJnQX8h6GDKNrpUFMpKg7Zc9Tu,So11111111111111111111111111111111111111112,0.00019037299999999369
5SQMvgn4inu84jbA2xYeQ4nSsthCv43AGEfQeWAWGXrAo5beD8XfMWr1iq5GhB1AgRkUGGJFmL9cEmQn6M3nvrFa,6zhK4gpohxPyk7fd4nTqWMgqLJVZshivxe7r7G9EdTgf,So11111111111111111111111111111111111111112,0.0001591199999999987
4H3DaMZjJVNVsGJtQ9Z3c9PQFrxdnz3nBYizHvUg6upzrF29JLnJvPXDKTS1rgPdtmwd2R3NdJYRtCnWT6LVCu65,7rtiKSUDLBm59b1SBmD9oajcP8xE64vAGSMbAN5CXy1q,EPjFWdd5AufqSSqeM2qN1xzybapC8G4wEGGkZwyTDt1v,0.3999410000000001
2AUtGf1jNAgtMmqsL3T6yKWh1pPf5yLRKSz89toKXMdCTkDfVrPwTHwAxT3v3KpH1msFML5ubk9A9VbBgDLAtjQ2,HzuK5PCN6gi8gaKHZwRMhXS4sJiHyUFM3dtBHXLykVQU,So11111111111111111111111111111111111111112,1.7299999999999987e-07
3ovnpWZYAi4Z3fsHRcveSG418kshWT57uk47MH2Xs8VyP9eMqE6jgH2yqwdMX61oJtL2ANPL7Ym1rFxQtVft9JJN,CEEXTqHaqbVriXoW4uvdaPShkMaHg9AWnFXLS1nS887C,So11111111111111111111111111111111111111112,0.001077777000000002
2KpZkkdQhexc1mRynV5mnWH9zQqMtjXBcgfrmN4kLRXv7deFzbZN5kszqaMpc8XMSdEELwtebkUgKihxEn9J4aPX,6zhK4gpohxPyk7fd4nTqWMgqLJVZshivxe7r7G9EdTgf,So11111111111111111111111111111111111111112,0.0014831720000000048
2Fi21jHzMBXKZ5cszUkRihMwsZB4vSipQtnJREaY4zj5229PKqUyhFb34E7W2Jg3YskT5TARyGwTPMaqoQxk4JQd,75ULw1FyG5ZY7aJ9eWGpkydbrP7KQhF6ULZA4Ho9axVi,So11111111111111111111111111111111111111112,0.0007411860000000048
3PU9tmmaic4RzbbGdjDdDAEPyeLLgxUkzM6DYz4rLk9xwV5ynRu44G3BqP1XZCbgaCzxmDifGd5eZvtEmPyeBWt1,r1chM2ABC3VBnZTDrF39kYAHF82RYmi8qE7rNXnyvbJ,So11111111111111111111111111111111111111112,1.8622000000023675e-05
3sPwFqDZFuomVwcRMPwBEEtvvJdgp2n1GHiaG2ypbFKMhrzi8o4krdwEhxpVw8j638rmcTwXsknU5mfWkmRc6vYM,C9YvTztknq95XHVFz4wzsFeu5qwK6rHie4H5Z2o9kPE9,So11111111111111111111111111111111111111112,0.013316989000000667
sGZ76CRjBahQ3qM3wH54SbEYFNkQTsRj8QVhwsBCU2DqUtp5yBpJGrctRkntFbg48ZR7Z8KKEeJjVCg97BbY3mM,7ZVZzzSEPwSopeMLLQkNeYur3S4DWtZLC4gfuA3RqnHZ,So11111111111111111111111111111111111111112,0.00011480699999999455
57qzVX9XfrrSSVETazTceiCPJrWMVKbKeEXvMrwq3FNvVsKCYR9s1NmzWU5QHiz3tUbxwL4zPeWTr7nnVRFdZ9z3,AD6AghrFxteJFBPiAfMjabpnpSFiD3EdaR3UPKeVFJQv,So11111111111111111111111111111111111111112,1.0596999999999343e-05
kYEg4kTbBFaQGrFKTrJVZZn6Ezy8mQ3jCmMVucVB9r8CvCneyHRs8FCuoNpL8H17X56zPAGi1YKvKHnPAYKdq52,7JFphvzpvcQjJV7Kv7FJnQX8h6GDKNrpUFMpKg7Zc9Tu,So11111111111111111111111111111111111111112,2.9874999999998653e-05
3oLdoawfnGi83V3XRPRTj6zaeQdfxz2ESu1BhUHj9osuiMUk2MC7fK7vVNfGwyXjR5peq2Ev7X6p8dGRDz1YARPL,HJLqkCFiNMUsXvqA9btLXFwKpWgCAXXXmNBFnSELvXSC,So11111111111111111111111111111111111111112,0.0017810069999999456
3nxwveUZZXa28AkbGaTLd2EMDMfXym7AnBdrK3aRpzMQxpzoPevvxWYmVZpqZ2rVtNddUppKX37Ga8m1BMbgsFVr,5Dr7kc6U9hrwv1PQz67nyvhUpvXdQibt6L8RHwUrt2L4,9BB6NFEcjBCtnNLFko2FqVQBq8HHM13kCyYcdQbgpump,1.63135299999999
4egqqBBdDnY1DbBD2e5SBEdXLUQxEfUvjPFVKyLJjP2k3zNqEA8JTZAKCyiBWdF7eoE91vy5P28gDKva8pWdMmmU,CbNMHuRaj6DHDzrEn9qDzJC2yo69rb6sntXGpzjhaCs,So11111111111111111111111111111111111111112,0.0010207720000000586
2HSs1XMwbCKTCUWhKifztSPLNBR6AJe9dqUTm8jM6fvZohGhe72CXoZBd1XAmUpABZDvQpUg4QkAuwuedaSVLb41,FTAeo6dUxFwasXvmxvSDtLouGkw5y8xdaRRxgiKRCweK,So11111111111111111111111111111111111111112,0.00011271999999995508
teqeEQaoBf1dCAdSPaEk859hPM9eeKHceN5E7fBc5bCtN1nG31STAtC45pzpupYDpFx4JLFAL873ALdUbLybncG,FTAeo6dUxFwasXvmxvSDtLouGkw5y8xdaRRxgiKRCweK,So11111111111111111111111111111111111111112,0.00011271999999995508
36RR5tsJph6acZTUfVJHS2SwsVW2Fr427h1ULvGgVW5cS6PJLH8STriyKwUJgjBvepgfxFXEU1nHcqXJcUNisoSk,ABKQFE4EW9RwwzvuubQtpaWkcyRt77ZVwuT7Pziq3Dkf,So11111111111111111111111111111111111111112,6.83390000002504e-05
3adzkBWMm9u6KB2eY7DeEcst62ivF9m5HkUsftPGNUncqERb2eY5r4VwKuSLKGBqkSyecXwyW97RZNjM2mbDKA7K,CiKvbG6oYG4Hv8NGiHuepZh8Ak6o5WVMzxhdiEHgNk4x,So11111111111111111111111111111111111111112,3.5547000000000356e-05
KQ82oNDgFYubHaMVZvQv834FEtk5Fk1h3HhiVbQ7isqXVQyWtf9vLztv22qjEHF2sNyrvTQbcnV8LczLhi6LYrp,2S4SJ9Ffyuvu246xc54buoJg6gZ7wQePoKFwSA3X7Vt3,So11111111111111111111111111111111111111112,8.479000000000472e-06
4aDY4tVUeuheBassm5ByNwFfjxZ9TUU3LPbBbor2RgK1S3vMRanTbReivwPqRYGCHDTxZyhWpnoPgMVEJoa1UEV9,3hnzkshSGWTXpaNiPSVovLhiwHPh5UBd1BCwt4GzdSr5,So11111111111111111111111111111111111111112,0.00019474900000004958
PXviUkyARkKheiBpftiSxnKJ1EHHxHm8p911ZGCZh3a2STSKPiz5thpJeM61Y6AqtkbAdvgHcfZM1cJmYnb1C3A,BD4v7Z4Hd4VetByG3KgHmRngGy9kfic61wurZfK9N9m6,So11111111111111111111111111111111111111112,5.6432999999994626e-05
2ATVhdAXGy2FL5ztWcDHcVxxY44DZwwYbHsVEPitwpfh3tywgFLFk128hdU57DhgCx71NN7W4CwswnZuoi4r1g76,E8bTgCfQLMSrJ6wPaq3GsRaGopzNzGL7RPCUYqRUHSFM,So11111111111111111111111111111111111111112,0.03602972299999996
41e9CuyxzF5jng2FVr2QczZhb8mmamc4CuKN2eMeP9MPUt5QETWZgLd77UNUJawsqQcq5Z2RnUpEgWmAordcSGA8,A7FMMgue4aZmPLLoutVtbC7gJcyqkHybUieiaDg9aaVE,So11111111111111111111111111111111111111112,0.0028679110000000008
5BxtN4wz9GGSqDBcMyrXqAukLx54jCA8eQFqaAQhaxcjtuPX7wWWH4sYCPmLJ85RT1fiBQtTVvjr1NmLCgt26TQv,4Kh17PzYMKAmmAefoNAzLRw6tKqRFMtiaoAmnRAs778U,So11111111111111111111111111111111111111112,0.0019360000000000488
2pkqy2KZ28KZvTNbC7VTjE84ZnLGDijLWuaK7cPGWNN2zmEnUqRbTo8FzgAQ9cx55XCayp4vmmYHcZmuKYJFFpEG,FDHvMJU4xBMs3F3tmtQo1HxAPVtoxHbUVYqxvJc9jCnC,EPjFWdd5AufqSSqeM2qN1xzybapC8G4wEGGkZwyTDt1v,0.02034100000000194
5QiqW5QpZakQAJoHoWuKXqxKvpQSFTgu5RBWe1aW7etivPk9X3Xom9GYxgVmC9DQRrrji3M6ogwnyxK69r6P8L7e,HzuK5PCN6gi8gaKHZwRMhXS4sJiHyUFM3dtBHXLykVQU,So11111111111111111111111111111111111111112,6.781999999998581e-06
2svNwMA9hD8m2ssxmLfB8F75bbA3dKf2YwnJ9ZHfdnEqGi9rYPgE7Jz21nv52S6rpbtdZ5X7DCPQNwDDLRNwdA1g,BK4sfAyJ4eBqWwThEJfwWzvXxRGJLCAKMaa9fBcLRtG,So11111111111111111111111111111111111111112,1.5011000000000538e-05
3ngWBR3KU1KvAZPQGvWUCB6uUP3peFFqJ4C5Cp6F86Wuw1CBSLDhGmfg8TbvZTkbazhqdadSYhLejSrQenxuzqm3,CE1BrgijtkvqgMvfVDfniTZsTn2KjtSP6KNF9mtTw6TQ,So11111111111111111111111111111111111111112,0.0008867260000000043
2TfdXNqTk3J9C3Gdkorrn7wGPzdKJaTcQfC2NLvao2zRtQRh8QFuCKwNxTJeyNcbhK3g5G8HvuQQTsyfWTWiaCMP,H6FTjrbVduVKWiMDDiyvyXYacK17apFajQwymchXfyDT,So11111111111111111111111111111111111111112,0.0041386500000000215
3NzoUjPvQidbXJ2pmSZRtYGv5j9yZfxZQR7jd9Rq78vrySM9cRiQcHE9YqYcutCejJi3HdDFuEq9eEBqkoFcZhii,UUAhspPgUdGuXUnokmxERH1VvNGNh1ouN3mfcbfV8yd,So11111111111111111111111111111111111111112,0.0008458980000001226
Mefg3Av4NgstTL3LSdAsuLasn6Cib29xnS3twWraymw3YH2VywceCTSLaGiQDkhVRgtCt1YLANqCZejsWHeMG1u,3Qww6vbXJp8DqgjkhsJAi1NZwkA4KFQAALAwfJ1gfNvF,So11111111111111111111111111111111111111112,0.004613840000000202
V6keRrczBjpfS8uQLnN3nHDkDnnVcVQmxBB3b2n5jAe7AbpLPGuPJAruN9UUC7ewFkSiEG1kKQvMFH1nvyChKSa,HzuK5PCN6gi8gaKHZwRMhXS4sJiHyUFM3dtBHXLykVQU,So11111111111111111111111111111111111111112,1.2171999999997796e-05
55R8oQ5J5H2FnST1VL8UNi7okZ4RN7GSraXTV7LdGbvsUzJQMnS9H5znaoxCWPn8xmBzbDQNsiA5FGDdyc6FoWux,HzuK5PCN6gi8gaKHZwRMhXS4sJiHyUFM3dtBHXLykVQU,So11111111111111111111111111111111111111112,6.537100000000157e-05
5yia5zLSBDDo8AxXcFhmvNG8NJZGnGfrVtZG6qjpvJ4v3DKV7auNVjDMus4goNRAdWu87HfPbsGqbaGw5XHpXcJb,ZENTc7P5oKGjdoVHyVJMn3kcFDvh8BXq5xMeQ2KLjrY,EPjFWdd5AufqSSqeM2qN1xzybapC8G4wEGGkZwyTDt1v,0.001432000000000322
R64bcgAyJNvojzDuP1ZHzi79XXN6U8Ym8aH8ErkPuYbBgykzYaiurnr4HS8F2YyTLeevgsqD1TrKr1a9vTDmJRR,Ndr2hLGXvr4h17aHQ6fWzF4QTBkj95bJ8KozRE6QShA,So11111111111111111111111111111111111111112,0.014225848000000152
29hnfE1aLP8WpbpT8VdPJYSr6GWVUAeE3dBDVaVdT3Lzm8Wb8Zs7DER9e9XBgQHxJ1fSKbha8bqewTeCPkmZRbYw,9XvBYSKetT98zByzcDcm4qscZ1fTaogwdaTEnLbADZHG,So11111111111111111111111111111111111111112,0.002320614999999915
4qhAQq9iwiNySFifResjWwU6Hgutjaum8XjKoR2BuaZEjb951cQr5bS2tsBe89BtbmRcHFSFAPWrZfMKYVtoQwGp,Gm16UVXwhB8oaipRTa52qJ36zWeBK4k3CurkT8JGE5VE,So11111111111111111111111111111111111111112,0.009266116000000046
ggbcwryfaiaUKf2tU9P5aaWumHSKGCpWQ4hRVHK528nQMDdxW3kMrj9agewjSx3UphshHRhsoFVmLyrmS4VWW7p,benRLpbWCL8P8t51ufYt522419hGF5zif3CqgWGbEUm,So11111111111111111111111111111111111111112,0.004956541999999953
58aboRaUuYKxEh7oDUAS9QUnCHeyXE9tuTrU9iqijmH1At1VCjAkWbhyoPhUiiCGWponLyd9XqurRGHU4bJwbhAM,benRLpbWCL8P8t51ufYt522419hGF5zif3CqgWGbEUm,So11111111111111111111111111111111111111112,0.0022076119999999977
3MecbLX58ntKXdZjfWAAWRxq4zo9FVyMKZ73BuqHfuwRnM3QuZQwCDA1cxAc18VHpkmgUBcG4PTYoKhBrQ4SfqCm,HzuK5PCN6gi8gaKHZwRMhXS4sJiHyUFM3dtBHXLykVQU,So11111111111111111111111111111111111111112,0.001555195999999981
2Wkp786ideTt1TnQoWtLkyQtVroYFpwW41gzB1esSQkkvtAC3hDDvBZj38qJjsvsiCZkqLHBTEmYSw7jNDBt2vR6,HzuK5PCN6gi8gaKHZwRMhXS4sJiHyUFM3dtBHXLykVQU,So11111111111111111111111111111111111111112,3.652000000000169e-05
3HDnWJoiiDZgT9DwYXo4YbYhvosqfhPaP6Q4E9WxfX9zXPJxPDQiH1bdD567tj8XvW9iKEA3rg6BvzqwPi34Y1xE,CqBtPBf7dSM39q4RYDft2bjys2K7GQphXXMwxQM8p5S4,So11111111111111111111111111111111111111112,0.006153433999998015
5SvyuZpwz6ZeipSthADXqrDNWywTfhCN7iArcK6EkkJDDed8sJM2TtPxPHZ7aGvBzrrjWi492wMc9UX9qJiXH3eU,BPLkZw4UiAZrvMeptZV9bnXUQn8g37V5FzYaWeTwgVVA,So11111111111111111111111111111111111111112,0.02162465899999999
46U4ghVURAMSqkqSe1N7rd859YV3GUAYjGZhFEcMdvzGYVskXQxHji6EA4zmDg5K15kHdu2T3vEu1W6jkWWRrnS7,CE1BrgijtkvqgMvfVDfniTZsTn2KjtSP6KNF9mtTw6TQ,So11111111111111111111111111111111111111112,0.0005471940000001396
3JqcQLpKugwZBdPsCVBGvX4Wr2WuaZGL4pfqLh1en4hx6MVDy5M8X3CeE8vkvkMe81T3VwZxsFcQANph36TxVBQX,7rtiKSUDLBm59b1SBmD9oajcP8xE64vAGSMbAN5CXy1q,EPjFWdd5AufqSSqeM2qN1xzybapC8G4wEGGkZwyTDt1v,0.399892
5dtAG2SPNeuQeSRoZN1rA8rP6JqHzXF7pqx1hvS45tDirPv1TNbma2Dfe93cLK7prpXG7rWiqEVfc37jKR74aqFB,4qLQDSpCwGJSig3tDvkfUbgW1TJWgeABpr5BtR3r3vZo,So11111111111111111111111111111111111111112,4.935599999999346e-05
42Hk74CWHpmH7w4RWodEfAKgpV45WXVXtBHtv3qr64npHewr4iDBoX4WGyKh6bd8KhoUDXh5D54ErbJoqYezupSq,3Qww6vbXJp8DqgjkhsJAi1NZwkA4KFQAALAwfJ1gfNvF,So11111111111111111111111111111111111111112,0.0026912600000006393
2aenijdHKxMCsiTCGuHQjwEX6jmPYQVg3MxepApt4GyDTHqMFgFZjxgAPnWkU4kyuFTHsfzJrsGnUb6AWbkNxvyW,4qWht7gPqJSZtXkKFPG2F1SiU3rF9mLyGGkBpc65x89A,So11111111111111111111111111111111111111112,0.00020234800000000497
4xCf7ENk6YTQj9ospMbs76TNMUKpXfFbVD6oVfzUXWKc6RjLh2jRXC97BLg1Nc8erQj5SRvz1munxcqF2E3NiZpe,DvwDAqaNRgCZfL5UCZUrUzbNS3cbiUxZaLYokTZ9KPgd,So11111111111111111111111111111111111111112,1.1376000000000441e-05
MHjZE8zzzNZygLnebJH3cb2XVeAJWNhRKaZBtinMA7oesKFrHTqMoAx35przfSwMpvQW2BWdZ5PARxYf321uueU,5warYXzXJ7gfQvJ22v5kkjGyhmMuy8bhjDMDjTFXDKFQ,So11111111111111111111111111111111111111112,0.001963411999999831
2G5Ri6hHBY7XtE4LDzdYbEmcxJyoUAxgyRXLPvkbb913YmxcZHyjWZNE7VVPyX5xBFmvFwrFMCBb7hzqDcCFMgJN,8rsn6mzoDnZg6ynLtxAWfnMfoiLdxFhsuXYQenV77cBM,So11111111111111111111111111111111111111112,1.6234000000003856e-05
48RDVXLsJwQ1rCFoEtGzN8VdoBk8NwBZLjEnpDAWqLDvV4xRLSHGVrSERYK6ccmEZkjdoJYxZGa3UEhd9MAeZYWq,DemopzRfMHVjhR9RCPnhg45CtSt85uvSbxgTgN9Sq4Px,So11111111111111111111111111111111111111112,8.097299999999981e-05
4CBiCuSM43zQDhwvdwAkMXdmb7XysCcJy2e2B2wyHmgc6bo5938LHjkXMp73JUGsgE2cnSmtPZqwa6RHXPeXEPic,BUJjbJBu5kkxZGQNxx5QLXdyxx5HThht2NepcDZJ1P2f,So11111111111111111111111111111111111111112,3.3954000000002704e-05
4gdBpyvV1uFDMkTJVxjWA63ZhwNSxpLRT9ELpHMNoFyR2qSnVgMw6zw1JM21wWi9xw9qxdQLhJ5gxaZhVWJH1FrN,yoinkeCWvHf8oG6iMNX7sjG2fVw99Y8d3ReYUnhzFHA,So11111111111111111111111111111111111111112,7.59180000000012e-05
LSibgg1RPh4guhK9WcDxkjGJPD9Zo56CiyyU5j525UqBoFuQNtV86eZCJXcsDPSvR29jUC8bF9Z3CRdv5QU5S6x,CeoexdLDkYm7YnSSNUBbr9jdW2rwk583UgLzb8ScWAzP,So11111111111111111111111111111111111111112,0.005533568999999988
4mJ3Fzf3HtAVc6JQL5cKkmKo4SHzXPGcuHatftJuTViQjTGamZf2UKsbnnuR3D9mR1j8rWED8uhn12ncqZQacofA,5warYXzXJ7gfQvJ22v5kkjGyhmMuy8bhjDMDjTFXDKFQ,So11111111111111111111111111111111111111112,0.001831775000000091
3BAqJKZUeq4Y4esD8e3vqSnQpRp1H1EWFBWwi6DD3Dre7S4qTEqpooHvNset89FEEcH8Z3fNBw8TAwU6WQP1QNoD,CuaNsKxaMgMsn6UQpjYaCyvdk8U2gkUfNb6oKR78HaES,EPjFWdd5AufqSSqeM2qN1xzybapC8G4wEGGkZwyTDt1v,0.02378300000000877
3DoAavifBehTrhkkuMrX9ftRC5ETUn3nKn9Prz8Pjc8LxaNegMvwD4tyEXxG9bEAPeoFJnpdoEmGqpAmUEMETP93,CRMp93aJoYrkuW4EpVsjrPNgWejb8xnjdwWqxxCzjYw6,So11111111111111111111111111111111111111112,6.790099999998134e-05
2E8HXwH2iihqhKhD91WKxcFWo1oHZC8ZTQaysjtgWiSwseAq9Z1hxhnH9qodZKiaSjc8UTcqNFArWfRNRjDzBJ7b,AhpyzAnNFWDQq17hbCZoRwtun1TCZ46aAv1DZGQz4w5V,Es9vMFrzaCERmJfrF4H2FYD4KCoNkY11McCe8BenwNYB,0.3320799999999906
561zEqvKpmvC7XiaiPxsVP53DS8euVZLAbiaMMvms71UJSezbKSRTFDQdU6PjmiRaTRTMyBKCtHeHVJpf5aCqULS,UUAhspPgUdGuXUnokmxERH1VvNGNh1ouN3mfcbfV8yd,So11111111111111111111111111111111111111112,0.0004767349999999504
nfy8v5T5VnGRjimm5AmZaxwHFotTxBxmrVxSQAyZ5KKqKZR8oPWJnTGtH7nQK9XjxcojzbzKrc8EmA5nzMgew5D,EuLceVgXMaJNPT7C88pnL7DRWcf1poy9BCeWY1GL8Agd,So11111111111111111111111111111111111111112,4.538200000000006e-05
4V9JZqT8NY7uZpY1RpMPJLTQbHAok7pd8VcvmL3Hdbyw9LFMNqbJ5ZEMiju8nUFEsGstxkuhMLudvdCKWfXjNxMa,HzuK5PCN6gi8gaKHZwRMhXS4sJiHyUFM3dtBHXLykVQU,So11111111111111111111111111111111111111112,1.157000000000111e-06
3KDogvWV5TrXNsps8CdYLcZ621n4vQ7i9JmdVhJw1TG9zkoxHajoZzCyYpqgF2n9ZgqYTgPr31GT8sMitUZBXgzP,3Qww6vbXJp8DqgjkhsJAi1NZwkA4KFQAALAwfJ1gfNvF,So11111111111111111111111111111111111111112,0.0025188900000010506
3NHzM3Zmq3W4zMf8adk7pkqxRjEJaBSyyHMbtbiGZJ5Zi2vqC6mfMdPBD4YGWPydabuSrx1TvKMTaXEUfArKpvdR,FQALtCrik9tuae1cqpb5WNBma1VuVNu9UR3hvUDytyzu,So11111111111111111111111111111111111111112,0.0002569789999999905
2ZSgg9a1ETb928DNJWnxfEcQXYNHxAntKee4JkTjuxzABwEKx7v9SXNV4qeqGmHEeUtVevSZo5fhx7Aq6KYAr6Mo,BS7chQYYG5Z7bDrtCs76LF8jV3Jc3ougUrb1Dcrck413,So11111111111111111111111111111111111111112,9.905999999948456e-06
5DCgUBxCMzzE157Cy4sZa9xuPBGp8ZKUVfK8WK8hRLyxva2PDXCXNajfMRkTTZRXEqie8QZhRepYLEP6P2KG33uu,HzuK5PCN6gi8gaKHZwRMhXS4sJiHyUFM3dtBHXLykVQU,So11111111111111111111111111111111111111112,6.836999999999989e-06
any8kvvxXaUYnvvHryKvS2QkJ4r4zVjue65HznDrEGJxzAqtCef6KPYhjHHnHUMX2tF35QjuX869c9YBjwRqGCj,7dGrdJRYtsNR8UYxZ3TnifXGjGc9eRYLq9sELwYpuuUu,So11111111111111111111111111111111111111112,0.020162866000000168
CbrbSXdn271BtYoRECDPEytC7xf872SFmAKW2Dqffc9a27aZSseJjCANzQXuutf9DxGTneKg9L2aHm2EPRofjUn,CbNMHuRaj6DHDzrEn9qDzJC2yo69rb6sntXGpzjhaCs,So11111111111111111111111111111111111111112,0.00015872100000000056
2XQr1bQfNqg6mjU9os7EEEBpWozxH8Fth48RR82csqFzieyAsNuK8K9VgVv7iidiYtEbKHwMDgUNyVpyazcVd8qk,CeoGoucJbwjno6KC1BiX4efKGqQyBjRzqgyhLYwJfgfr,So11111111111111111111111111111111111111112,0.041218316000000144
4Ai3Y1NayySgHBns7i81J7pLiJMiNBzfwMDBihgKeeXLpWE6yvEnJRvuvhz4LLsuPQyE5pYdEBa7T5acFwQoBJiC,hSBZnCeorZEsCaLsCJgT3ZMB9fYjxJHJzaT7NUHioRT,So11111111111111111111111111111111111111112,0.0019289049999999808
ujeevjuHBKFobmi2M5bXVj2N7FwGoFDpkwyGbCW4tcwoQDJ18URp3qSUx3M99fQKf52cu3WPecuG777HshfFEvf,CEEXTqHaqbVriXoW4uvdaPShkMaHg9AWnFXLS1nS887C,So11111111111111111111111111111111111111112,0.0003179939999999881
a1WvNWmkfz7F7B2g7Wx5HhKRQEUBhdZbd7zCvfUfBZeb3GBXMcEd1SUoW1mNEzVZjaJG4GxATf5A4byk4PfM2ZV,Arb1wtZQbbxEuC1D4WD4Lk2ix6xv9KetB7CHdiuiMc6B,So11111111111111111111111111111111111111112,0.0002100899999999406
5ayD2KVNPi8ZrGthLqw3pAeD2EjCs8LfhwoctXLPwxxsFhMRDZxhiNzQGF763iq7H17jUfEpbx2f8u6kaenwMtiy,DvwDAqaNRgCZfL5UCZUrUzbNS3cbiUxZaLYokTZ9KPgd,So11111111111111111111111111111111111111112,1.2576000000000254e-05
n6x9tcoNX2vkh3ZNCddNkTiDeB92tWgT1fRuwoXBmauDv7xb9ZsXvBnnBAw3rC5nY5Hm9TV4aecnSLh4oHNHZ8h,EuLceVgXMaJNPT7C88pnL7DRWcf1poy9BCeWY1GL8Agd,So11111111111111111111111111111111111111112,3.0445999999999945e-05
4ZEDBspRSisa5ptEmLbyZ2B4ynHqdFUAQMJ4sxDwm6dhhg29fSgjoE2us5mDwscEdx6hSsxrcrh3ne4wdECf316U,7dGrdJRYtsNR8UYxZ3TnifXGjGc9eRYLq9sELwYpuuUu,So11111111111111111111111111111111111111112,0.0001392399999997629
4Y63bzEN3e5YsQVyrkUrJRqm7kArGVWuE6vP1wdErc9XTq4viCqE4TupaMTVpTbNJVbq5fzZEkCSz24aP8kdPSrZ,5CLeRDseRuaTSThEDa5yv5YK3fuzR2H1Gh6Tito16WVw,So11111111111111111111111111111111111111112,0.0004317929999997361
QDSd9zBe9duSkQcwsdt7WdapY9Cuvk1Bsfc9wAxaudySk3dahU3pYM7bwrTT8ZrF8rjrCErrLDXJsWNeR3jQWE8,FaoqbZtEnpfSpbSm86VLcwSKiqgWAPfnkPeaEWvFJ5ec,So11111111111111111111111111111111111111112,0.00036881900000000634
3T5rrNdSWWMnV2Qsk3CPy7FfbuEKBdUdqwsfyN2qHmHjRBjk2aL9m28tcY4S8V6tMHujF4noVJvJpBnNYgjSv7Sg,HzuK5PCN6gi8gaKHZwRMhXS4sJiHyUFM3dtBHXLykVQU,So11111111111111111111111111111111111111112,1.5900000000000983e-07
2QavCgBKLzWsDcD5HwbYANNBDudAFKSAokv3YXRgZeN4sYPJvpK9sRUVJUt9xx6HpCLhpRhR186f66PjowRwCAdA,HzuK5PCN6gi8gaKHZwRMhXS4sJiHyUFM3dtBHXLykVQU,So11111111111111111111111111111111111111112,1.6669000000000406e-05
58eMhae6DiWM5Hk52RERQaTuuaoYcJczWWFLPAVSVHsbB5RocFaqJan8cJ8fyYpZrJ48p73oGRyKD8wuxYPzwgxU,FQALtCrik9tuae1cqpb5WNBma1VuVNu9UR3hvUDytyzu,So11111111111111111111111111111111111111112,0.00010789599999999622
4Zhh4sA2qkiUPTuXh8sgkCA1sUi5WxCbWuVbEu48ZdygQK9SHXUuMujpuJ8fyYvnTmJvcgAvNcYhzS74Zz9taqtT,oDCAycFR1qrK2K4hNNiGw2iuuQjMb7XumGVpXvADC5Z,So11111111111111111111111111111111111111112,1.2236999999998277e-05
46EkiuYio3Y8Erf82yk34AeDcUuwfMr1zgJgUaf6PC49TphUzT6W6YKx9B24rconXRE8GJVgxiMuhukvGXj3rJCQ,CRMp93aJoYrkuW4EpVsjrPNgWejb8xnjdwWqxxCzjYw6,So11111111111111111111111111111111111111112,0.0004497329999999522
JnMdJMMVUYBuMrYDLYUHDF2AY1KZLYEVTYAkeBVmHYUdb4kAEww9rb82VzNxeX4eRdEDVNezmgePZKimujd3mEQ,eatyCwmyfVuZ7XiDcZxpnRTe5YEvJSefaKwKKd6hatT,So11111111111111111111111111111111111111112,1.8990000000024265e-05
5GuGJTNXAvHKtPY8Yu7zuwXDnP6ZjTj2GBj3wg2EHBHsYzb3xnzuvs5dE8V8nvehmv4Bp3Xof7SC5RDFG1zjysVf,CE1BrgijtkvqgMvfVDfniTZsTn2KjtSP6KNF9mtTw6TQ,So11111111111111111111111111111111111111112,0.0006491589999999998
oJqsf7XVYq1GgoTWdCR5kg7AQUYo6uPLBc1h9kUswwGiRLGZe3JqRn44VDpBdkdyPxZkXsW3VDKTMGgdsXdjKih,95Xr39vvHD5CUxxDWS7nmSrnWFfJNw9ATYBDXfaNNTQ8,EPjFWdd5AufqSSqeM2qN1xzybapC8G4wEGGkZwyTDt1v,0.3999999999999986
vw82Yf4422wERvcAVKamVubzYfVnkNPgbm2anSBfc2tR1CpYPtJySdYbNuekbJbEHx68QqnQzkBU7bEZch2GBGH,GQEZDiygN1Ric4po2zCSs42kfr6SeBL6Pz1G4DENVWyA,So11111111111111111111111111111111111111112,0.010517992000000032
65q1yqkjTUTnWHH5U6x2uVvizKr2aQMaph4bNGHjUk1ZNSx2Fad1i7hT6BWT3MPGbsEsJsXvb1uE1xNS8MAMjJHL,5UNXijvxFUVEsiSSM9VhN1w42yd4codCZUq7jyEaqQt9,So11111111111111111111111111111111111111112,0.007738419999999913
txvCsgmuBkGocMt9JqUpdbXAN4P8rwGZMSJZpMbrkSMKtVJ4tgouA9bWRUsYW1oAYhai2mjGmpq9sQWTmMh5NLd,H6FTjrbVduVKWiMDDiyvyXYacK17apFajQwymchXfyDT,So11111111111111111111111111111111111111112,6.830899999998863e-05
4egAvJ33PU6R3hUgBwmetBvvDzkabDPQHkvUuaMRcywp5fZtsRyxNJWYWrXtSwCxYZ2dQBUW46Mk8xx1sH27vGxt,CeonPqh2seYDXivMZrqxdobsQLN97RUWNBXAPHYem5y8,So11111111111111111111111111111111111111112,0.005226649999999999
3HNKopGczRHZ9w2xcLx3hrsh27hozHYG5EqfRRst6Zx1jhqwmmidajeiFNappN9ojV2DcNibTdJ6wV4o7hx5qoo4,BZ1jeTNjYucHz7wSABkrWwqnckBZMZF9KRMpgmKPzeV5,So11111111111111111111111111111111111111112,1.1309000000000145e-05
FnWm6Bt2QY7BcGKWJf4EYmJLTZZGPW6AsEstjTkM4fj3TQRn8K5vAahTaSgvHYERh9Va8GpNqtYHiDSeHdS26MP,7JFphvzpvcQjJV7Kv7FJnQX8h6GDKNrpUFMpKg7Zc9Tu,So11111111111111111111111111111111111111112,0.00022821800000000225
3dYK5CG1Qjhw2AME2eDQYrhWTrKYkPFtbf82udq8ZAg9u3isTbFd5gX85R5y8ZJSppv6nAjC4xb1RdeqCDbRTWtN,FeBvtXUHU3XDUvJhERe8phuzbU7gp3EYwtFQhwXuGmV8,So11111111111111111111111111111111111111112,0.0023284599999999767
55nmzwiHXo2mgmPEmQTJjYpzN6sAPoJnD8JQKszv3FasqBSC78cqKVEm8UYg6qN6W9JFJ9E93bPhqPZ1tjKAZhaX,8rsn6mzoDnZg6ynLtxAWfnMfoiLdxFhsuXYQenV77cBM,So11111111111111111111111111111111111111112,4.5541000000010046e-05
5rj2TPuYYn6zotqd4UWj6eAyF9sgvHCJUZiYbfj7Dr4PQ8iUNy1c8u44JZ2FkpFQGGHTykGcnPpvzLSjQ6JbJEqd,novSsdWDRjHcQLGU3HMsyQgHJuUzWaUVqTWMwPeiDSE,So11111111111111111111111111111111111111112,1.3982000000002659e-05
5o4KKELVpK33K4ZTWSYgAQvLs8g2g7vkShkhR5hKDqEya6XbcYoipveXsjxADMTsLPvN1ECr7b2s71nxRUnYeV7V,2ayo3mrNffMHPcXMkW7vvcCmUzfW9rkVYMLgS8c7bA8M,9cbT3yVMt3VhkgwWkU9tSiT9YmCfPzarrSJBrmPiHui3,3697.3976320000365
CrLDa3Lb5LgkVtP9wzA2bNDQbXMnzoiaaNdzhvnjP8SS5scGjpA9zNszuBXtWjAceyFzfP39ioLENxE4e72JEqR,C2vEYhPosNK7cxUxiwyrwrk8aS7P2cq7QhV2FauPwQGx,9cbT3yVMt3VhkgwWkU9tSiT9YmCfPzarrSJBrmPiHui3,11565.933534000069
4mMBDVPg4soTuWZ9XjyMLhne21ToWzUAPmxvCfiPnwWLLDyG8LaC4t1iSC1xLqKGB5uiMajksbd2S3vfEeioAEM7,H5PBcjV2H1EwxnM2CZFPQ4hPWYu7R5jB7gTwYkfjZCLD,9cbT3yVMt3VhkgwWkU9tSiT9YmCfPzarrSJBrmPiHui3,7856.969968000427
5sLM3Kvw9NcexRj7xD821vNYiabAsw6mfdb5gLi6M2VKRAteYHT7sHbvhEahXAp5R2XMFXS8ahfZRF86kTzxL6db,GEe8eQ1cBH8cXX2Nba4xFhKMpH9KxSre3c3uMVD5yXRJ,61V8vBaqAGMpgDQi4JcAwo1dmBGHsyhzodcPqnEVpump,0.30330700000013167
63e4ARhikpyzyvkXPogmwpP2zo2QWEhaoffG41XSzAmYuxDQsw5SoMGRggKRMdfMef6DiSJNkwcR3TRhTuM3VEKS,6zhK4gpohxPyk7fd4nTqWMgqLJVZshivxe7r7G9EdTgf,So11111111111111111111111111111111111111112,0.00011219000000000506
36S8AhCU89FnApWwqgHRAKdxTViNXbcGcEKEr8AaGCsrSrTHwbKefysm2i4vr2MTJb8amRu59FkADfDHQEDa3cit,CbNMHuRaj6DHDzrEn9qDzJC2yo69rb6sntXGpzjhaCs,So11111111111111111111111111111111111111112,0.0001274129999999929
2uAHEe6SnzDwh4STaPnbVcouTGUwbvGqgcLbqnBY1SzK3LRUPc9MmVmFnvCuHAjnGQ3EdPmvZCHNA6hZDrDfo4ZH,C9YvTztknq95XHVFz4wzsFeu5qwK6rHie4H5Z2o9kPE9,So11111111111111111111111111111111111111112,0.013986551000000347
5BLii3XrQL2j7v94XCUQeRzPvVisspByfVvk9FKTnKNL3YyPF2oLPktGAovg9Medvizmm5GrmHCUResUjevYAm5z,CEEXTqHaqbVriXoW4uvdaPShkMaHg9AWnFXLS1nS887C,So11111111111111111111111111111111111111112,0.0011569609999999564
2J2DdNekdbQiymG8LLCDt9zrKjaEGHYWUy9Pggkdt64Psen9gBNZyggCJX7m9G3fxxbwiGBdjfSjZ8Try3GPF3Kv,7JFphvzpvcQjJV7Kv7FJnQX8h6GDKNrpUFMpKg7Zc9Tu,So11111111111111111111111111111111111111112,0.0002176089999999936
EbpMSPv24q8Xu8PGRSZaxtg9wjBKQjqMU3GS1kZ4r8v8ypZBnryaQenZgyVkWMUjxMtW1mQmavYfkyXcbvnTzv1,7Mv1r1fp1WsfFrkgXeX7N3yyv15N1vKTpugDhgZysKrA,So11111111111111111111111111111111111111112,5.849900000000005e-05
2iivVm6cmfT858bQTQcV31y8m6wBkYgisfMUSyWR72cra8jRAE6xywnXu41oyC3ttsSqi13qsb4iW63raHWnC3Re,CV6Zkzkn4tutayzNEXK3ZS86qVTnTKkMLFJewMrpmEig,So11111111111111111111111111111111111111112,2.259000000004452e-06
y2UzcnBcg5UcZTtpD9MK3U48K9teb5VeYA5UBQDRVM5s8aJ2ybgm5pXWw9PTQzJpjWMoZgPD5XbXKCCAywYLont,BZ1jeTNjYucHz7wSABkrWwqnckBZMZF9KRMpgmKPzeV5,So11111111111111111111111111111111111111112,2.2570999999999876e-05
3YG2wic5REM4uZr3EzAPZPMvPa9x2X9ab8Xcb27cPA4siYioqbuqkL6T24LHtpidWSHxNztyJad8LUqkR3Yf5bdr,HzuK5PCN6gi8gaKHZwRMhXS4sJiHyUFM3dtBHXLykVQU,So11111111111111111111111111111111111111112,7.303999999999644e-06
3kG4yRMKktyqYLN8aJZmBkFZbswrRnJbYfU6UacXZwfs8ZpYCe361s32v3fQynFdYX8Xgv1W85J6S5vQEmT6suyg,DrdCYPjXsixUnNofJgvqGnSciN3TpTT5UPfMM6YQCsVc,So11111111111111111111111111111111111111112,1.6504000000000518e-05
5R5HFae6DoPU7MLzWxNTFHb2s2b776d15rQHxjgRgw85t4Crgk15jNkcQZMy4QbyUybqaC5riryEXArATSwM6NPM,A4B3g41zSKKidQikCGnHaZX4ob1iQkJdWKF7gwojFynB,So11111111111111111111111111111111111111112,2.717499999999734e-05
5KRBShd7yeUbX9McXKRDWGaE1H1WQjueRWar14E7JmQeZtFdwSm2sGTcKA7JsvPq7S51AZ38bARwXcE9z5xpcHeb,MACMaJfJm717tBHYXRAmAGtW7Je6VQwN61q25td3KB5,EPjFWdd5AufqSSqeM2qN1xzybapC8G4wEGGkZwyTDt1v,0.001723000000000141
4QfvDk5Cih4jN1EktQHhJh4apS4ztYFAYAVQDuQVWGNZtdnkzFHHkP8UDS5wuz8ybcWMDkeU6CFrdQkeNN3AQG1,FQALtCrik9tuae1cqpb5WNBma1VuVNu9UR3hvUDytyzu,So11111111111111111111111111111111111111112,2.7877000000009478e-05
5atYHorFEcATCzUD69pyhxkKHSNUq4VXRUnH8nxDALrMAJFFCvxCynjGB2U2ARSSc4gLTWuQA5V2RXq9daruvqgB,CfFD6uH1fGh8vg2JHupA1bZgwj6pvBnWZy1EDVDaFQEq,So11111111111111111111111111111111111111112,0.02927578600000036
2yh3YPuiDp7zsK9DqPmCRpr9aeWKkYYxAzEA5pKvUCxbwoYt3C6qkuBznnZ9JfLsQivxG75J7ec2mVoW48XN3cLq,CEEXTqHaqbVriXoW4uvdaPShkMaHg9AWnFXLS1nS887C,So11111111111111111111111111111111111111112,0.0002981170000000005
5PjkJfCobWQbmYKJJkJyaRAF1QTVb73nrTFt3oPJskjTSQAEr8pAp29kfV4Ybni7L39Brz3qVTecE7KhHRGdWTFK,EJoJqMa688wq7Lhv8tkjfS82UFx6Q2MgyNX9wr93eLsT,So11111111111111111111111111111111111111112,-0.0019332800000000003
57F3FU5rGdeHUkJu3EB3tB9uZH2GzgnYXjmtZes5MfvSytwQJJA7EdL6jq7Yg6LG6Tey6Ugx2iPLiAgjmw835JqV,7ZVZzzSEPwSopeMLLQkNeYur3S4DWtZLC4gfuA3RqnHZ,So11111111111111111111111111111111111111112,0.00011737699999991857
2YhMYzNu1aJytbWTWPfg9JrhrmfLxho4eCPnW6wDsC4DEssptTGoSiqyvC2CQ9J6pwShZe3ohQVgBC9oDep88NgG,HNrCcWTwfWnizo7GmuKu7Rqs18NpJm4R5x6sg2dcXp6g,So11111111111111111111111111111111111111112,8.054999999984602e-05
4sz4DQNxqZgSrMeP38ZPgu1rAE9PdfUcbedRkoNpLQjCLaaFgJ45FjRmDZ2wbMjjSDAVL5gUvvY6ue3ikLwNM55f,rightnGF4tk4NaN9Me3gGhFc5MpAsciJJf3V1wbRQJc,So11111111111111111111111111111111111111112,1.5548000000004114e-05
4e7bALS5ohyVamXBPE5UQAB4XVZCxaC777d3qEaZF5MgPSffgLRF4Xwub7QeGCfckkNojPTMQoSdt4pW3U8U4hTu,4QbWA5MChbahM5GqstbfHfbE3HuYX1grg4VB5MhmUcXr,So11111111111111111111111111111111111111112,0.00017170299999999875
47MrrYavSNdYKByDA4FRqbfdTQQtbTvdUUtZwbWrDsvcaugCkboVPjZtsF7c4f96AmwGiHN9SeVutxpXjp7SU4Fe,CE1BrgijtkvqgMvfVDfniTZsTn2KjtSP6KNF9mtTw6TQ,So11111111111111111111111111111111111111112,0.0005943760000000076
3LPzq6fFFmKnSLXR9CD4PLb5RVXoaPPCS3jeBcN5Y9zpErA9qCjCgxiZY5SsFnc6KgWWP2w1n29GPUTs3sgSghbe,H3P32Tk7989oDesMVeLMLPzuDgs5zrQzru9WT7fXFY8N,So11111111111111111111111111111111111111112,1.1020999999999948e-05
4znHSu2pKvSxuZ4LV4Cq1q95egCYNzyx64uVavQbFAJTB1VtAuSQJgiN3R9mxiY3yWAmHzy9zQ6EsD393726RX3d,HzuK5PCN6gi8gaKHZwRMhXS4sJiHyUFM3dtBHXLykVQU,So11111111111111111111111111111111111111112,1.7763999999999974e-05
5god812KfeebCt3MruEwLuasTfcDYHXJFACFkUSwr78dMm2rBBdXjfHBDT18sYHntGowSosLVD7ZxFS5hw1riWXr,MACjZdaJ8U7xbWFJLJXLKfwy6rC75tyXYgpyZY7ayYW,So11111111111111111111111111111111111111112,6.896100000000106e-05
44yBba8948Be71GE7xfNtkH6h6PufN2xTnH1UaDJruSNPCt81xUuy5YqRqqFhtepnPTgeT3pYE7xLDU5TzQinAaH,HzuK5PCN6gi8gaKHZwRMhXS4sJiHyUFM3dtBHXLykVQU,So11111111111111111111111111111111111111112,7.674000000000222e-05
Rnwx55ZFTyjr1CgQvzCP33gpxUaGojcRGYaQPRYTgHJuRxNcWPUKM1eqUzcbVw7UBrN4B7iYeKbrFYxNfuJyvQH,HzuK5PCN6gi8gaKHZwRMhXS4sJiHyUFM3dtBHXLykVQU,So11111111111111111111111111111111111111112,1.638399999999993e-05
5bNvm9cUzs32b8aPtLx4ozea8JDGRnmQcDXUsWiyPYxvUtdmK88rUVe9XELtA3tAkWWKAcwhq7Cf5cDdPJqm8bF1,JDJQyRweM8kYQMn6sFQc9v7Xk3vHTFh4aa4pN1uUK4S5,So11111111111111111111111111111111111111112,0.03603241800000001
3n1cHAMnp1hgyu25CEAK7UqyrMPWF8J4aVWuVykiAhqz3wDu3D2qPxhXKXZJogVUQ9sebpBzwYZnQ2X38Fh2YhC1,CeonPqh2seYDXivMZrqxdobsQLN97RUWNBXAPHYem5y8,So11111111111111111111111111111111111111112,0.025657280999999976
2WksVwzQR7gpGJaHjhL1ns1UGsyiLTe87G5pMWvH3YrvGMbsmyeLrXGhghEGBmdtkrWyKxDQJWLubph3nkMAnNtj,HzuK5PCN6gi8gaKHZwRMhXS4sJiHyUFM3dtBHXLykVQU,So11111111111111111111111111111111111111112,0.001765778999999995
25ikxvVE8V6PJRdbsH5ksYKEtUUHioJS5ZCZNXD2YacrAn3NfEdYAy9cLrFsdii21MeiiynRmaDMNo8j3QXb37rn,UUAhspPgUdGuXUnokmxERH1VvNGNh1ouN3mfcbfV8yd,So11111111111111111111111111111111111111112,0.0005961929999999949
5JezC1LMXg1hk32MdwZDf5Dzf8RiVTGuxJ2TYyBKvKYGGmdRWaXbSR8irCbQuWXSbToP7j16dqvi7RerB4jFcaJz,CbNMHuRaj6DHDzrEn9qDzJC2yo69rb6sntXGpzjhaCs,So11111111111111111111111111111111111111112,0.0001736539999999953
3qpoaBZU34Tx5N2AX6pWARFnFJ3bGs4Tz3AZcMzWt1BZTNE9UeV3in92LeDLTFoXb8gx3moxFys4iTfhQkSv7mpC,6zhK4gpohxPyk7fd4nTqWMgqLJVZshivxe7r7G9EdTgf,So11111111111111111111111111111111111111112,0.00030575099999999994
2rTkzk7JnFFhfcQbTUJUQGYKxeWyhfrJHTGvgdkHczCUN4YhCq3hiwvmh9XUJyffzNo8nB4M3VAmrSVcy1K2LfBd,9puFWti8U37C8kdgoiQddN7ZGLeTfAsMiqe54TiDXM6u,EPjFWdd5AufqSSqeM2qN1xzybapC8G4wEGGkZwyTDt1v,0.0026740000000007313
3hpzcrAaX3HdqXtF8EaHidUJB5ujRcRdn2KyKwu3bR9xpCju5BuFNMbXezSvdwfWGoJGMQAJAXqMrdVkNrTW3eaz,6zhK4gpohxPyk7fd4nTqWMgqLJVZshivxe7r7G9EdTgf,So11111111111111111111111111111111111111112,0.00014021000000000172
5qgrcHY8vz41HTtqEErcCrJ6QSkspjA9i9RLmGgdWKDaMQFYUbBUTaUuRe1Btr3m7FHgyWWtPfPuFNrQH1Rw6rcH,5UNXijvxFUVEsiSSM9VhN1w42yd4codCZUq7jyEaqQt9,So11111111111111111111111111111111111111112,0.0008651329999999902
NjVRpzUGFshxzDB18J5CJ1HJFiErpascGnsNmCe7BZZRzT4E6yFm9anvnuNgazhiPsdb6vV7RY2sdHLwrjAQBP1,4QbWA5MChbahM5GqstbfHfbE3HuYX1grg4VB5MhmUcXr,So11111111111111111111111111111111111111112,0.00029588700000000856
B9NqcBGa7RZGXL7ZxjpQxrgF7vKeJED7bDGqyCMUL2qkW44bjDm5gg778kQ9USJV5kXpjnoZi33Rxggu11gT6uL,4QbWA5MChbahM5GqstbfHfbE3HuYX1grg4VB5MhmUcXr,So11111111111111111111111111111111111111112,0.00012704900000000408
5sLERGcASMvjpHUGzcjhEPKAy9H6AFNzPZV6Riyfis9rB1hvjHDu4QJ52Y2BvGJwMAghfKx3eojEMQBhSCtMMDyn,91Nk1HwpfQk5qno1LSB5GKw9hJ9yBXkpWqkTtmGMrphe,EPjFWdd5AufqSSqeM2qN1xzybapC8G4wEGGkZwyTDt1v,0.00327900000000092
77kWkGYfB5Dkfe2PhuXkY8hSwcUiEQpj31VJovbfsQnDnjpsVkiDTQEQo9sEvSomAnzsPF3gpe6i4eSe8psJ46S,BM7dmiW2GrTsNXUbWrXGXZK2QLvC3R3QQ2iiGumEdjrH,So11111111111111111111111111111111111111112,2.52339999999851e-05
4NFzkWscghrybdqetDyPX4J6qWF1YXB5YuEv5PUyHXZdX6euoy2feGszRqMXuEf6PcaMohXfuk3rcTMFePoCTKzJ,5QwqUfZqWALPHy2U3rS3apX8TZuxFEtt1uuYTanzZb2X,So11111111111111111111111111111111111111112,8.331900000002612e-05
2tW8kdbk6eHFT1PcwuEqVUT4HHr1ySFALgpJBhP1Ya9qbKaujMBEpcSAYXJQ61iN8aUPe45UxKCE6Zf7ZUCkz7JS,6y7p8erFMPhbzGwMD69xehmhr2U6eTT4Gm14xbL81VUy,EPjFWdd5AufqSSqeM2qN1xzybapC8G4wEGGkZwyTDt1v,0.010211999999999222
VsQ2XekSepe2jVWt35fq7eupjrZakKGShaxvr72SiAyAUtz3UWgZpqxc6YH3t3cJUgCHhuFdsN6tsGWLXGz31Wv,HzuK5PCN6gi8gaKHZwRMhXS4sJiHyUFM3dtBHXLykVQU,So11111111111111111111111111111111111111112,9.999999999999692e-10
rqM366wkzVLpHbaraUyJX1f6yx79L1FVBVc7eRbS4PgmkbsbZLE3Que8vQ84oee2NGALKVLz19TEfMLEi9ebWoh,BUJjbJBu5kkxZGQNxx5QLXdyxx5HThht2NepcDZJ1P2f,So11111111111111111111111111111111111111112,3.355000000010433e-06
dUanBaeu8V98H28xj3HtD2HiNbxKnNToKyJh32SbdmJusig8mY3KdjVwrHvTLE4ySvHxtHr69J6FxWVxWfzpybL,DrdCYPjXsixUnNofJgvqGnSciN3TpTT5UPfMM6YQCsVc,So11111111111111111111111111111111111111112,1.2000000000622624e-08
VBeKcqAWULTETgvGojVQ7KXPX9jKZhuCjkrNYMUVATYiqdg5gfCgsDS31KzucpywkxPyCZH5qmb1DKNxLcoZpo8,HVhr9KQJF7AzuUnv5DCK8eHRwj3knP49c1vD1795EoRa,So11111111111111111111111111111111111111112,0.00029284699999987396
4xnfGrwAchV2kBSSY39ptsGSqBvCTpoU663THnKsMk5USLMiH8iuHSZdvxjTLmEu8DLnsHaRBqSuMpo5Qa3QCNNm,DrdCYPjXsixUnNofJgvqGnSciN3TpTT5UPfMM6YQCsVc,So11111111111111111111111111111111111111112,3.4699999999776576e-07
33QVoEntneS6HtFNbt5PzAfaJQUnQyog4AngwDVfUayggWUPWLFvAs3tRAL9bLzcwYGjn77DXbzmqXvbWZ5H2phr,ENg2R3sMMTjcVXvfo5KynnmKS5GHmv2yvrvr7w22SZ9U,So11111111111111111111111111111111111111112,8.78069999999953e-05
4C1NaeKTeHxeSe6PVb8QbF4GSghhohHdryAgce7GY3ZpY6GnbJ8FXbNUqSQqy4gWn4iq3RuhUfJXKxkdJYmLKbC9,Hi7XqTXFb69VxufXowfULLMuDuJEHWBCS82tHMiknjqM,So11111111111111111111111111111111111111112,9.629399999999677e-05
4RQ3D6oLMdcgBXzxhpQLkUNU3Tfoh1ZBS1vSb1BZiLaTVC7TS2MTFpyArqc9b6w8ooaTnB7TidfN1b5PmSc9XEkX,21Dx9HDbLa7ouArk5cZdZLc7z5JmsWd4w4UmCmiaCx4r,EPjFWdd5AufqSSqeM2qN1xzybapC8G4wEGGkZwyTDt1v,0.0016579999999999373
h49e4nZrQD43t7rucfXTMZTDaS834fN3H1URkFLvZWqDvksXsrm2EpmDH9Gqe74nLJo1nP7rei81WvpTax7Pfrg,D7cgT2Qtb5cPfAmYPXWTnuf3h2VLXL8GAyfrZduouGK3,So11111111111111111111111111111111111111112,0.0020635450000003885
3KWU2fpJtbCWkfvtEHxpTRagnBv8DDfM1yTrPQNq3ksHPsyE8qDGRfagUzGvvv8gmHFhU9gb54VLmRPh8iKyDsGx,C6YsuBz8mqZo4EjUhCMW21aevVFobMngS5xw6WmA2f3F,So11111111111111111111111111111111111111112,0.0003972220000001414
4grKbnUVsKdjn9R6NKc531wHTbZ1ZuiAWiwqk16Ghgb5cxstU7kkLRPsVajmQEZTCtHDi7FZFZxtJ9tEjSH2tN8p,6y7p8erFMPhbzGwMD69xehmhr2U6eTT4Gm14xbL81VUy,EPjFWdd5AufqSSqeM2qN1xzybapC8G4wEGGkZwyTDt1v,0.03077199999999891
62fBBWix8GhVS9RN5nmFsXrfAEQKt7P1LEnCn2Nhs2av47y55dam6mvPdAYU4CjrJaozMigJTCknXctAXHYw976M,7rtiKSUDLBm59b1SBmD9oajcP8xE64vAGSMbAN5CXy1q,EPjFWdd5AufqSSqeM2qN1xzybapC8G4wEGGkZwyTDt1v,4.168238000000002
3toVvgwQQ4s3sF71PQNPNDvosJV1bYh957b34dYM58A6gZZGqrykjgtsLGXdWAHRPMWY5wWfCL7LkP7oSDWs2sJw,GEe8eQ1cBH8cXX2Nba4xFhKMpH9KxSre3c3uMVD5yXRJ,So11111111111111111111111111111111111111112,0.010263999999999829
3Nm5AWQy5L4f66qSQB2rzrqLuajae9hPv5fBgzFdwuNyvyTNWiDPbAzCsPQD17mG2WCMF55MFHkk1MYFQNE1wgAr,5GpzkbJ1L4sAbJqwfHtVTiiKsRKnR6K9u5QYcQvjnFJd,So11111111111111111111111111111111111111112,0.0005917649999999663
4DcHHsnNxJ1Kro8tADJJ3LTKUUeaGhJRkhKbDqR1HMbdf6ignSqW5fo1XCYW635aXtWiLkmKb47EGjiJvTbvesMX,8rsn6mzoDnZg6ynLtxAWfnMfoiLdxFhsuXYQenV77cBM,So11111111111111111111111111111111111111112,1.346499999999723e-05
47uTUZ7TtNoXpwggo9PkTdehFMPnnCLomz7DLSNkVxiYHEfLsCDh8VD2UsFardgE56d58mhQhX3Vvg8JdCdQ7REH,8rsn6mzoDnZg6ynLtxAWfnMfoiLdxFhsuXYQenV77cBM,So11111111111111111111111111111111111111112,2.149299999999743e-05
3K21JPqJdaANztuht7sPq1oGB92oEnxguuCoy12BKpG7zMWsSzDzefDreGZSyiF3LnUKLmT4QiQPe8mUnHcCW6g,Ceo1B2b5EQEQCkKSaCScN6MPMYToHSjfNKH4h6kYdQy5,So11111111111111111111111111111111111111112,0.02316196599999998
6YhNAvTye4CnMyGhQaZC5ssnAFQT2PBogDt5o63wmAgijVqcn81BRcApAgQxLxMizS5YSTbZ3DaSka2iwKH2aED,6sZGtMnbfZYrma9bKnTkLwjRYXBoTpzcP72cCAWPMhrk,EPjFWdd5AufqSSqeM2qN1xzybapC8G4wEGGkZwyTDt1v,0.013246999999999787
5T4sYQKpGzG1BvxajKMs8ZoJpRcYViWJGTAz2EGUBTBLBjfBHqnGJsUjNwe2A5QJjG2CbBSJoLfMGu9CtAW9mZUg,3hLccvQXvf1nCzbLopmv4Lm4HZxN2DMy75MZyWYWNHAZ,So11111111111111111111111111111111111111112,0.03195062700000051
WF3f4bPJEVUeiipiaXT8JQcUS9nJZ9YJxRBCtyQwt2WSBNZQF48gKQvifH4nhWvagSthG7VseyqabJb52AECXBj,ENg2R3sMMTjcVXvfo5KynnmKS5GHmv2yvrvr7w22SZ9U,So11111111111111111111111111111111111111112,0.0020547600000000166
678qsnfcPQaAMpJow9UZdBAA1q68v9NjZcfPVL8xHTRNQPSGgW4u3sGbCd5oknwvfJmgk3oYczMCQ8RQQ1An5fmf,HzuK5PCN6gi8gaKHZwRMhXS4sJiHyUFM3dtBHXLykVQU,So11111111111111111111111111111111111111112,8.198000000000005e-06
4qrKSfhRnuLNbNeCskAKMq5ytVrmqkqS7c4J3wFf78MT7BNEKLBazgkB1UekN6z8PhzA74xPJksq9Eb4uRThAD6C,3xd4LGVWtYXLBspR6X5JWbW49NXmEehfPtX6Kqx98b4w,So11111111111111111111111111111111111111112,8.663200000000315e-05
5guGpSFbHKJZh1XXQg6KLcfPLZE5QVDHT1tmbUtNBogT6Dw2ZLouPyt4wmv6vz2LvqGNgvXPkDg4snvxGxXvxJSE,9puFWti8U37C8kdgoiQddN7ZGLeTfAsMiqe54TiDXM6u,EPjFWdd5AufqSSqeM2qN1xzybapC8G4wEGGkZwyTDt1v,0.0023009999999992203
5YqZwBviwEapAPJeMA6rndpRTCUwMTnDhguP5ztuTmBDH7tiHGoWvCjgVfpgTfEEMec9LDoxWe5iWGraxUreB9hH,dexvcNUf31JyHkxcsceWpqGErhXe5Eu5QWLe993m1Pu,So11111111111111111111111111111111111111112,0.0005713530000000244
5pjwSGCBBwQj51fDmBfPsdjbjJPJNaafoX8YdojthpkmrLktYGYHhkHaoYQLxjY2jv882Wt7vtz4NELfjupSmdKN,dexvcNUf31JyHkxcsceWpqGErhXe5Eu5QWLe993m1Pu,So11111111111111111111111111111111111111112,-0.000555540000000021
4wQqhk7e3iMAcMcnQrz6U2qhXajkzryccup6qHxVoPUudSgpggy2HQHouvp1PA6bjaLxtz1kYWcLSTDEMddcgZ8g,6zhK4gpohxPyk7fd4nTqWMgqLJVZshivxe7r7G9EdTgf,So11111111111111111111111111111111111111112,0.00022499600000000508
47Fnh81KwcLTpgNwwzXeKF3rwU7NWmnDmyxFmFan8hjnv4tLGPAT7hMPXd21rajF18JX59EBAaTdbC3XhEPJAmiH,CE1BrgijtkvqgMvfVDfniTZsTn2KjtSP6KNF9mtTw6TQ,So11111111111111111111111111111111111111112,4.2091000000001044e-05
2x59Vvbt9pFYU9um5uRKgC1sM3Y72d6pYLGDSsC65mD2zsfKLwExwrShd9ADsrmUsPCcxHsdwpgzXqwkCDDCLLWT,6zhK4gpohxPyk7fd4nTqWMgqLJVZshivxe7r7G9EdTgf,So11111111111111111111111111111111111111112,6.2340000000001e-05
5srjMjmYChEDZPevApQohaLdG38sk5VdR4TUdUFkMYTNaNPnC4QPB4dwJQ2PfZ9UH9V2azXc3HvEr9NVBcpWyS4c,dexvcNUf31JyHkxcsceWpqGErhXe5Eu5QWLe993m1Pu,So11111111111111111111111111111111111111112,0.007637610000000017
6ut58pqzexRD6sZJ7L5CfdFUw2kxGHGZgbYVLs4XVwk5dJ2Vm5ZLStLvt7Eoijn7nYYEpy8reZRq8TtkEJLgceG,HvFdDWS3RqymRAVx1ZdoL2RjiC38r5dtt19Z8op5jqDK,So11111111111111111111111111111111111111112,0.011204086999999974
zXT1Ps3WgGCWEAG72QtYBncg3NQTEERE9iyiMAiKGibhKjojAqrsG6PoZeCBmjsaqY7HrD4645FK7FbQNa267gf,5zXtyxDJpnQ9cS3pUq6puPhAMGDX5FsnhJeKR7AgPzCt,So11111111111111111111111111111111111111112,1.2948999999984334e-05
2eWMkcSPfK1SoxfVnHuw9x1HuonwS32cLHTQATrYfZ8Ds2sP6rnHCLU3bqyLUAYjLc7J7QmKYQp58YTBgQRGnAoU,dexvcNUf31JyHkxcsceWpqGErhXe5Eu5QWLe993m1Pu,So11111111111111111111111111111111111111112,-0.00029115699999998634
d92zipoYVNbtAHYoXeMmjyb5XzqASk4kyes286Tj29RzEkaqt7sqcqvhamhZwy8mKckie7h7nXAptQocNG94VcQ,dexvcNUf31JyHkxcsceWpqGErhXe5Eu5QWLe993m1Pu,So11111111111111111111111111111111111111112,0.010207480999999907
5MutJMJ2kJ3GaTFMa3TaSH7okcir5Sx9nBpW3uFLcBpnG32ZKpXziYVtGiFrxyWePHjTC9tNrir1GPVtmjP4pKCz,HvFdDWS3RqymRAVx1ZdoL2RjiC38r5dtt19Z8op5jqDK,So11111111111111111111111111111111111111112,0.00021115899999999896
4cjPvGxpCwDDk4DKaZS5gukygmDyxboScWjtwKoSRjni5nxaRT6yumcnCZ93U2kGTV6Vu6WGNubboo6sT2uwwRK1,ByL8L3Ns8hfy17TUNcKiKjQgnLEHgHcPBpekAdnuyeM4,So11111111111111111111111111111111111111112,1.5832000000021162e-05
56SY8GriWbL8pUKpxbeUSVN1AAoX4A4NsXWtQd5SYA59NTrzU4YEQvGiBSBuxvD84i92jMNpdJ7YgNXjgfuS2yqG,CbNMHuRaj6DHDzrEn9qDzJC2yo69rb6sntXGpzjhaCs,So11111111111111111111111111111111111111112,0.0001333359999999978
2JMHLcsctyvvTBhbPJWbPb36EMnHJEKmAaNXZG4G32fxrmYaV5qfLpJkLBbpEVDCJCmdmRiKhBTKiT77FjNFRZ2K,GSMhmutjrMdaAMfe5Tmwzg7WVxaC4VPD1MHhUwe8uxnb,So11111111111111111111111111111111111111112,0.0010587369999999902
2PRynRMgaKXEQK4urr7Vo8wAACw4Kbjtk1Bbp2A5RGhssXfQxjF31nCAXNJrMsQAtjj4ME8Ax8wTAeDuX1mLrUuQ,7rtiKSUDLBm59b1SBmD9oajcP8xE64vAGSMbAN5CXy1q,EPjFWdd5AufqSSqeM2qN1xzybapC8G4wEGGkZwyTDt1v,0.75
31uKddW5BMcLo21mJkT6evrjSsodbNZzVGGvFKxJSJnmDw3zpdqBPcv7zPuWRaFohTybDAEiVWmUpKPBiNNm8mPa,CRMp93aJoYrkuW4EpVsjrPNgWejb8xnjdwWqxxCzjYw6,So11111111111111111111111111111111111111112,3.2172999999996454e-05
2S5HdU8ndAC9FTeRADc2y18JLsCXWLx2pYdSqZfRcBGkmB1Ru2P2mz9ZGq3mocvJHfKS7FaUFHaPJRBiBNBH2ki8,5TFYEQ76veZQew27YYK2JjfvUBSuEAPCqJ1Y7wAhrBys,So11111111111111111111111111111111111111112,0.002155110999998655
4peeB1F1BeRaSXgr9M26zJrM6duZPPjMvLgqgx8wHdZqU1o1yYaUCsHa2M9t4npnkAqS9Yq25sYN2jrBtrcozYdN,2MhpbffR6xyyFVgihUpCNvXjAxKtqiZM4B8gG4vms6tf,EPjFWdd5AufqSSqeM2qN1xzybapC8G4wEGGkZwyTDt1v,0.0018959999999998978
m4tUXdcy6MJmJMmrm9FH5zDrYCkSusMfHz8JRWLvYNiYzXFTo1ZjgzWhb9arJbeBnjkEdXYxeVbXfvpw8jUxXjA,ByL8L3Ns8hfy17TUNcKiKjQgnLEHgHcPBpekAdnuyeM4,So11111111111111111111111111111111111111112,2.3882999999974563e-05
5z469qgyeBh5HgHZ7N8QG9GDtHK3GQbEM6LwYvGx8RjMVoddhwZ4VyZqahM8XS55rLR7j431oxJp4ycAPirtbj8r,ByL8L3Ns8hfy17TUNcKiKjQgnLEHgHcPBpekAdnuyeM4,So11111111111111111111111111111111111111112,2.519000000000826e-05
4wChw45rfP7ssBaPT11AkAb97t4qquZp8hShxQSC2ceWLQcUUGQMzEp2HrMupXcZx8KL7oepP8VWj6CN7d8xDWi1,ByL8L3Ns8hfy17TUNcKiKjQgnLEHgHcPBpekAdnuyeM4,So11111111111111111111111111111111111111112,1.589600000001523e-05
5ad9MWVn429kNGgCMGciKW8xtva4f3rs8LLu7YuDcWioFFTz2Svf2MAmczLGnvmzWFC6J2EnEEgNzUARwAtaim23,EuLceVgXMaJNPT7C88pnL7DRWcf1poy9BCeWY1GL8Agd,So11111111111111111111111111111111111111112,6.006000000000067e-05
5K6Wrufc1LFJSgiCkgYA9b1keK5TPEUMVQSkPCvrhhKRXezxgPrwJ3YyAHDwXe68dxHBLzFB9UeVUiPhRDW9hkco,6S1KwaVu62foyfNz4vQggEuCRLCvzKLYBRm5nRhSE98V,So11111111111111111111111111111111111111112,2.5460000000004923e-05
2jPTuDDcmhcTWQneM8qCGvTRUnnQb1e7dxJe2LvyK8LbjfZ4ygpssxAqNQmiJY7M7VJTqHZNTwFBkCa3jSGBWqeR,bobCPc5nqVoX7r8gKzCMPLrKjFidjnSCrAdcYGCH2Ye,So11111111111111111111111111111111111111112,0.30563961100000014
2c8GWjcqf5PrMWtWTyCiprqtV6zTwcG5DTiYg57gETdfMjCYSvRQYhD12kFD5foZUFzkubW9vhWDTuVmDrM6kKtb,21Dx9HDbLa7ouArk5cZdZLc7z5JmsWd4w4UmCmiaCx4r,EPjFWdd5AufqSSqeM2qN1xzybapC8G4wEGGkZwyTDt1v,0.005395999999997514
5Kaxi8aa8Ds5vSh1rs7qqackWcgmo1gZugG15bNjJefVbshzPC3j9EoFKXePxy3FaYgNqYVZUiRcSFZmAKPKe7su,A7FMMgue4aZmPLLoutVtbC7gJcyqkHybUieiaDg9aaVE,So11111111111111111111111111111111111111112,0.9353259449999989
3cQPNLUM1GBJzwojkZyy1dSwccphUXax6tXHCGPgcb7vXt8FeKSLG2etGZtwg2dDT981WFH2hNb6hBGWhreRhUYW,HzuK5PCN6gi8gaKHZwRMhXS4sJiHyUFM3dtBHXLykVQU,So11111111111111111111111111111111111111112,2.192000000000166e-05
2BJtw1sPfPmSFWhFhdNjgc5a8qUnusSxfVhYpbphPmH1N6k8iFce4ndRmRzUpAGLXqmP5YVx4fXiRXZniCD4ujTs,4ywa3NKfWRX3jpMxWydiWzELuSbdDUhTV5QnoGexjV3e,So11111111111111111111111111111111111111112,0.09153447700000017
4LfEe4Ss369R7ic4f5GiDGrnjEwmXBPSvZj8Ka2xUzYe7AqpCayH6p1yJDuSDUXdU7VxvJt83hmhr2dmTqDVxyQS,4ywa3NKfWRX3jpMxWydiWzELuSbdDUhTV5QnoGexjV3e,So11111111111111111111111111111111111111112,0.01607165599999938
2t9rJmgSAPz5BGhK3sBmN48SHHmurvf8BXhxbXjJd11thEHY3jqtsto4ULdGifWdR1hYcC9kRD9n8zXE8QTSF6Th,EQP1pchYNsPbXUVPaDigPitq1GfUUK5XrK7xcfGPos6o,EPjFWdd5AufqSSqeM2qN1xzybapC8G4wEGGkZwyTDt1v,0.7991589999999746
4fW94zvuwFV1Ki5yZCxTYwYAoHvZ4eoiL1UWBnr1NSeBBoSfP1iq58T8SLwo8eQqX8o4bigE2dt2ZaiBAStzzpL7,9puFWti8U37C8kdgoiQddN7ZGLeTfAsMiqe54TiDXM6u,EPjFWdd5AufqSSqeM2qN1xzybapC8G4wEGGkZwyTDt1v,1.015954000000022
2ctgGrViJYaYSVDzvLu9QgT7hd6Hw19EcNPocVxqHvuzEn5u5iVUnhFieFYWUS1UKjSgD1sTnGn1nigvUCwrFCYv,A7FMMgue4aZmPLLoutVtbC7gJcyqkHybUieiaDg9aaVE,So11111111111111111111111111111111111111112,0.020310092000000002
4Ut7iWajua46bvGzanqPHmBd9AHDhvpoAFbgDo2z5CSMwuAfSRjVXTyrpsxABZYvfKUymPKhPs1Lct9CVCytVoFL,CVyXpJN1X3UQpgtV2YvmSkcSK4YLZHEY1ycRHcz7eiid,So11111111111111111111111111111111111111112,7.399000000019029e-06
Coip4aZ1fRiHD9zQm4bbeYBvkwi6UyXJ8fELyXUxfJ5DVRAbi1iKHLh5URZuzwXK9JTyuTn6Gm6K47fNgpR6nkK,DrdCYPjXsixUnNofJgvqGnSciN3TpTT5UPfMM6YQCsVc,So11111111111111111111111111111111111111112,0.00022211199999944142
3WZgX95qSUQ3fEmLTA3b8z6BWQi7e9Q7Vm38NXQbNkmTXvm8zWDR4851Z7a4y5sixi3SzK3ug7bS6rsAr3yXo4M7,dexvcNUf31JyHkxcsceWpqGErhXe5Eu5QWLe993m1Pu,So11111111111111111111111111111111111111112,0.011632086000000097
NRFWyesVH3xogQPqG21DMoV2EM3n68Py474GgDVTdFUxB86v68FuodjVjXTei7YkK6VXGE7Ks6Td36hewzURb1o,ANwWDBtanRCF895L5SgjY79AQKJXwG5LdKYfTmQC1pnf,So11111111111111111111111111111111111111112,0.0003171149999943168
5cYcNJ4p91Y955tPHw2sAY473dCkNVLgRcmqm16y363AURnTUvEwcC1vMGEFPLgmaXrjikpsNi4nW5cCDeSts5oo,FTAeo6dUxFwasXvmxvSDtLouGkw5y8xdaRRxgiKRCweK,So11111111111111111111111111111111111111112,0.004154192999999973
2kseJU3odT8PPAN8b9GAe7rrQSyqwZJtp4eKWbD5xi2pwvzY1qo5QeTMAMNddjVX3AeKXV38Je15ibN9g3VV3wbj,YcjUULpoURFD8TVwDZC8Wsk4RbAY5L62TH3rJoaFFTk,So11111111111111111111111111111111111111112,0.003055507000000013
5urKrmgNpQNUh8kbhY5NYT1MiWBSRNPkRPfq3WwMg7o1Zb4BD1TntY3PNsWynGJX5TQ1M3hhodYTM2NyTQ99Pq84,6zhK4gpohxPyk7fd4nTqWMgqLJVZshivxe7r7G9EdTgf,So11111111111111111111111111111111111111112,0.002075286999999995
2YJY1CuHZHFQoDkXQRZGsKA722vqyGC3KSDLZNAspw64rP2Y5W4Mg9Pke4SeMQrDqeCcs3LVn6cbW16BD63Tcq8a,CbNMHuRaj6DHDzrEn9qDzJC2yo69rb6sntXGpzjhaCs,So11111111111111111111111111111111111111112,0.001514678000000047
2TeHtcnu5ggFCoNds28BesAzWNY9Do78W2Rk7WZv9zzTQLayWaj78WiNYRRp4pdeUwDDnJ7aT6szRtLvmqdo9k2h,BP7PAUprKPcAZf5yyTWJ8j4jVc58A5mJW3Mv9XiCq5iR,So11111111111111111111111111111111111111112,1.4514999999999667e-05
4UJ1BCFELy7steEuqPS7mSzTMMrSJtKMFWywz4xF22dMq2SoMUwSYNLcN4xKo6N96J2FJfyBVXG7egXYHEQM5Rcu,Gm16UVXwhB8oaipRTa52qJ36zWeBK4k3CurkT8JGE5VE,So11111111111111111111111111111111111111112,0.0018922980000000006
otwAoC5gumjzofBU7TAHaaaNs3izzYVgNTx7AbGLxuMzSiz8KbkgakXNd8hq8i5ausPPiUm3rV7Jy4vW3BkcZEm,6zhK4gpohxPyk7fd4nTqWMgqLJVZshivxe7r7G9EdTgf,So11111111111111111111111111111111111111112,0.0005706690000000028
3jeoF2CanjBs5J7g2pArTkhS8G3hRp8MQA6pvrDuJPU25dfhkcpbeyJZxf8AsrfRTasNrj4GGpSymzQsyA61jZW5,ANwWDBtanRCF895L5SgjY79AQKJXwG5LdKYfTmQC1pnf,So11111111111111111111111111111111111111112,0.001068803000000007
31PAXPqo9D6dfY7PM6nf6f6AirKUmdEAPp1AbK7SiJnv9RXgbYxHk3L2uFQJDVHAxHQRFwF2fniu46pMJv4fZcYT,HzuK5PCN6gi8gaKHZwRMhXS4sJiHyUFM3dtBHXLykVQU,So11111111111111111111111111111111111111112,5.800000000004586e-08
SKXyN96aUmXy6Zkn23Cy41RvPRKrxCtHD9TqNTBuUd7gM2dKdkiGNzosALSqJL157w2hTU1bwmbKX1xBppxZUMh,J1bvXv1ZJW9aMgwL8KKgr5YGxGehGudRbsKYTT7nsXBg,EPjFWdd5AufqSSqeM2qN1xzybapC8G4wEGGkZwyTDt1v,0.08896700000002511
55jfntmsVhpNCqdT1qm3Fw1jBNyY3n9ooMgafVSFrfUQUBoJbnfZYY4t1T5JzPyPBPUHbDB85PMPzrMiCWGvPP1N,HXzkkswG8A2etA2nWWQg6NQKoy4zXrZP5JmXYFrYNRdz,So11111111111111111111111111111111111111112,0.0002999179999999997
3idnQgZ6FGGFErEYhqc4GuFRn2ZrATKeuhqoxc5C4hvracpXJWs8tgHyuE9Ycbapt78v4CihXJyjaEL66q9xEk5S,CbNMHuRaj6DHDzrEn9qDzJC2yo69rb6sntXGpzjhaCs,So11111111111111111111111111111111111111112,0.0024652090000000237
5RUvC9LkNsfnYJR3DFNgepa9928A64bsqenTXEQRiQHfgSa9zWzxrQKCzkfrjuviGURUFNqdA95To2TrtkKwL8hW,7rtiKSUDLBm59b1SBmD9oajcP8xE64vAGSMbAN5CXy1q,EPjFWdd5AufqSSqeM2qN1xzybapC8G4wEGGkZwyTDt1v,0.4
49V33vDqGdu6FYJeAFy1oZVJnk1cTBggePHxJvQ47cJDa8JKiovQWXw923CWT6YnFSfbtvFGHXydwgJAiqX7ZKgB,HzuK5PCN6gi8gaKHZwRMhXS4sJiHyUFM3dtBHXLykVQU,So11111111111111111111111111111111111111112,0.00010226600000000016
5NyGvNZhn1fFrDXmdXhseCq2QtMPqNLHbGqLSVVEpUwkLcDH2xEyVQW2b5dGzNJGxse52symkQfkvVRf2JWCobLz,CVyXpJN1X3UQpgtV2YvmSkcSK4YLZHEY1ycRHcz7eiid,So11111111111111111111111111111111111111112,0.00022674300000000147
3hcc7hJK8hLQUk8MB6Thfqy431X5WwbXvVkJN2CfDXGL2rox3vETd4zfFXxYnRs6roSoNpHd3GusXLVq9ZVfbb1A,YcjUULpoURFD8TVwDZC8Wsk4RbAY5L62TH3rJoaFFTk,So11111111111111111111111111111111111111112,0.0006107280000000048
5D897r1L1TjWL7FFCjmAddEjiTb3KeBJvH8c45MciwL69c343r1pCHGeh1pFmLCnCYXU1hkeEXTjUzzH8mDZwDuU,4qWht7gPqJSZtXkKFPG2F1SiU3rF9mLyGGkBpc65x89A,So11111111111111111111111111111111111111112,5.218400000000373e-05
5YQg6BZLLMgZLjfbBYfWRbx1P9BxC4G2RrEUXeUNoCspQ9wzLSLyx1ZzuMXbEWA2fn44qvFkkZ6mHBJJRFjioKE8,yoinkeCWvHf8oG6iMNX7sjG2fVw99Y8d3ReYUnhzFHA,So11111111111111111111111111111111111111112,1.5135999999998928e-05
DSEec2rfs2oSXqPBBu5r6UqsJSbjqRjZE6GrKaMLdqtY3brcfGt5ZswBXwRrqLbeU9ZxkU1dGuF53JZkeukpLgx,RoTaryeH1NnBLVuVfdhFW2GEqoikDYxYw6B8oQCMFaN,EPjFWdd5AufqSSqeM2qN1xzybapC8G4wEGGkZwyTDt1v,0.05027799999999161
676dD7nibNKyUHtdxSh2ZsNfuFnpV5ErzfQjeFuYATPGPHTUQgExfW5shy7qQCgiU8sKniHciYt56xpT3FjwVeQe,CEEXTqHaqbVriXoW4uvdaPShkMaHg9AWnFXLS1nS887C,So11111111111111111111111111111111111111112,0.00014051599999997944
66kLie3shcx4tyAFYPpZ4xHkb9mJtw27vM4Hui3ryXzKqJgSfi5uiFzdj2KAnpUG8JsUFybnfH7RwZ8TaaUJDbHN,BQ4sSypHKjSt9kSS3f5v67V5BqvceL7RY4rSahWenaY7,So11111111111111111111111111111111111111112,1.1572999999999965e-05
4qDptWovjYPHgmGd36caaDXx7A1HskTSeTVKLueJ1Kp3Ubayc4cWjUobMkRsg5WAfqvvcuP8XgemfMGrYo1d55jQ,FkdDHrM8j8psKbxuwjV1jBKCM2JGPygkj7WCX8sSCzNm,So11111111111111111111111111111111111111112,3.2671000000011885e-05
4sXAroXspMo8mmXw8gCWRHtZgMA1e5Y3bs3h7RXjZo1KkXoWs964MsZRKbmYyKjm8oX2Fcxur7Dk542W1RL5a8fg,55NQkFDwwW8noThkL9Rd5ngbgUU36fYZeos1k5ZwjGdn,So11111111111111111111111111111111111111112,0.02302374099999993
DvcxubopXL9mg9gNU7ZSkne79yJkhBZHA8v55tzp81qUzYgZe1qni786LGjjcAXSHidw4m2eHHc2KKMaXwNvbXP,CEEXTqHaqbVriXoW4uvdaPShkMaHg9AWnFXLS1nS887C,So11111111111111111111111111111111111111112,0.0008582570000000012
4S6PqBv1rYeFvBaV2oiG3NkeW6mLKkR448jvfn9hYLgXNVuRUAfs1LAaF2RNeZg4DCMjZhXBVihmRBaSVi53LqBt,A1GC8eqyezWb5gbgaLxzg93LgP84SXhLZymmv7g4t87a,9BB6NFEcjBCtnNLFko2FqVQBq8HHM13kCyYcdQbgpump,0.06019500000002154
2NyNeXYhX42wLXfataBZPfjzt2Sn4urpXUCtUEDLkBSRtcpfU1BUmiHjjvUmwTE6fZLVW5LEieJJBqmc1qRjLv5U,HvFdDWS3RqymRAVx1ZdoL2RjiC38r5dtt19Z8op5jqDK,So11111111111111111111111111111111111111112,0.008608962000000275
3WB84e6inH66XDpoyx885XvDDT717khJHhDZqhqYW8ZX6bDyuBb5fWMcBvdKpoZrRkaCbWRzBUqk2hrSDVukuhmW,HzuK5PCN6gi8gaKHZwRMhXS4sJiHyUFM3dtBHXLykVQU,So11111111111111111111111111111111111111112,0.011167391999999998
3sCWaWAXfDpZWFEBh2yGbSvBSe2G43A5YKda6zVxCEpg6vkxmZLhGWn9uMGBrsXGD2hXtF8JLYjvoUQCm3QUNb76,HzuK5PCN6gi8gaKHZwRMhXS4sJiHyUFM3dtBHXLykVQU,So11111111111111111111111111111111111111112,5.400000000019972e-08
2mFwRd4qKvhTbAmBybELEk8v8nTMm4JZAnKvaNM36HXpYswbiupRyDBZbykPBfpfc5E5Us9K4DJe4LhBrSmff7ai,H6FTjrbVduVKWiMDDiyvyXYacK17apFajQwymchXfyDT,So11111111111111111111111111111111111111112,0.007802004999999945
27RUSBuSfeaeizL9egMe2ViB6rCHt2DZCvVzJh3oo9Zczey3yzRqk6aV2dmxFS92pEe5qWzUyFswXgXc3odNbxCq,K1tChn2NETQd9cCHe1UmUyWP3rDA92gP1dH4nNyEJrx,So11111111111111111111111111111111111111112,0.0013594040000000085
4Qv8M3T6AJi2oRD2m9nnDj8vkiGT3Kh64F2vXb7jggaaVJ3J461HWP1sNueuaKTkeSG1swrqkvnhcNFBy5DUvKcX,8pY1AukbuPgUE3EetyLa59rFLMimJGT94ZzbMEZcQF4w,So11111111111111111111111111111111111111112,0.0016993119999999945
3QMQ3y6FP58phUUGZHY899oU8ZdjLGVZjtLBhgspT6sQVdqo32RUAGDqi3eEh9UYrWd1Jct3Td6RWtav6WAfR8C8,8iQP7Kqj1sSL8ThenF66Fx5mDYpPTPYTeGx9i25os9VG,So11111111111111111111111111111111111111112,0.0009989529999999969
MkEzatEw2wHizCFvBfrb52sRUkDnJKesWRW8ToowsELzAMS1qRZVn3HK6RH5FCDfjvoobXiiJ5nFKs66f777E5y,HzuK5PCN6gi8gaKHZwRMhXS4sJiHyUFM3dtBHXLykVQU,So11111111111111111111111111111111111111112,0.00022305199999998748
2npYu6R8oEV78oonU4b46mt6sMVDXdu6guUUdY2svBXPaaksDRrhJuAZHfHu1KYYNwJZ9xV3Uz1H9RUHhwo4tJnF,HzuK5PCN6gi8gaKHZwRMhXS4sJiHyUFM3dtBHXLykVQU,So11111111111111111111111111111111111111112,0.000707061999999925
4SqBrnkBgLGHVvpTcDStiFfNsxKVQ5PH2pdwuNhUzNgDTmYuoCGNKSgW3MAyxA7TA1oopTztf3UHUx5WNNe4zGTL,CbNMHuRaj6DHDzrEn9qDzJC2yo69rb6sntXGpzjhaCs,So11111111111111111111111111111111111111112,0.028133603000000118
5SWEGdFg9v4hfC1a5ch3RbjJeurXxf5mG1qmujjXp6bEQxKpKH84ftRJRcwWjE6omrjrULHyPCkCkCfrY35qeLvM,CbNMHuRaj6DHDzrEn9qDzJC2yo69rb6sntXGpzjhaCs,So11111111111111111111111111111111111111112,0.01882522199999981
4f3faefYVyzD5tSNaKn9g6u9gUhdwAvrb7vYBS1mZpJrYtnzKxoNUuGKPX9g5wKCYuZUmQog3M3hT9D4GVrLfgBB,CbNMHuRaj6DHDzrEn9qDzJC2yo69rb6sntXGpzjhaCs,So11111111111111111111111111111111111111112,0.00022415899999999982
5TUHscjgqAosFATKkeQUAgbgfVJCADuhJkTEC9Hvtsn1Vt4bwta6GoRxybmrWPAPMwCpuBjGsUQEtHzNPVqajXYh,Cdx4Yt2TED94J9fPbDqmJCwvmguzekkFhq35AauCpT4R,So11111111111111111111111111111111111111112,0.0021990170000001363
WZKnUBFTbyrGZsSU4NscwATNb4PRf2amoXCwZsrFedQEySL5QzwPuhiZ1uM6ivTS6LVzhKemkd95H1aQJDp8HZz,HzuK5PCN6gi8gaKHZwRMhXS4sJiHyUFM3dtBHXLykVQU,So11111111111111111111111111111111111111112,9.406999999989063e-06
2zPV3FqDyVm5aNJwB4qmt7oEkCEEJncWZvw5oz34E7DNz1rtu8M8N9R1uio2wdDpZ3HVDs5RpKULhUPdrGTihKrK,J7T5xbtADYyaR6vtN1PRhW79SmeiXEfQcEoywocg89aP,So11111111111111111111111111111111111111112,4.27699999999997e-05
4SdBHYmnvukyLSyXGWwBxeWBSUoTZbfp8uRSrwP1qPXdv6L5chMGWmZ2p8acPZh38kpG5Qbe4ENSqJ9fRKVjeSmg,5GpzkbJ1L4sAbJqwfHtVTiiKsRKnR6K9u5QYcQvjnFJd,So11111111111111111111111111111111111111112,0.00010518200000000921
DK3mMgzuL7RudpUU4p5u3bez8vYDC5Q1tGSCHxA6ALMw6WRzg336a8qPvNFBj15k83M6WKZRhR2aRpYTRwZi6Ah,5GpzkbJ1L4sAbJqwfHtVTiiKsRKnR6K9u5QYcQvjnFJd,So11111111111111111111111111111111111111112,0.004646400999999911
2u7rQzVe9BXKRBirTmMrr7SU4B9iJwj6yyQctj8E5FJSGW84C7GMKTCArmZ8SeGtzKWv5cChPrr1Rb9b8wyND3M4,HioX6amL6ZvEMiNAL7V18oJQJhrLZFw1AdbGNg1QXDPc,So11111111111111111111111111111111111111112,1.1436000000086821e-05
42emHnng5w8JsQcYEJrWqerTKE1mfYiT9TjKQcUEK5jVVAvjw9mzuN3YzWv5YMBX1iLBrnzHLdYky9MhMg8uj6G4,4RkFTS4JcnMzRbooLdfawkkKJCfcCXQEFEbELwjdKWbF,So11111111111111111111111111111111111111112,0.004406583000001518
YpyQEbd9DjHt2PgfKnGA69KqCFTdoSd5d3xmiwBksjv4go3wzFYyBzQscsioqjA34FkmiQLepvV8DXNWRPDZGJJ,5Dr7kc6U9hrwv1PQz67nyvhUpvXdQibt6L8RHwUrt2L4,EPjFWdd5AufqSSqeM2qN1xzybapC8G4wEGGkZwyTDt1v,2.4335410000001048
2wZdVJ3zRoLYg9Wv1cBZFHuMdFCc6VXxvAqANnWcazscHTPRLdGbPuFs34drgGv66Br52sMHi7QrqxCCndQjELXF,HJLqkCFiNMUsXvqA9btLXFwKpWgCAXXXmNBFnSELvXSC,So11111111111111111111111111111111111111112,0.006827453999999955
3qFqCrM4g6zt6cGyz7qHnpEcwFF1ajQaGjsE5j62mDotQRJdAUgTZSv6Jiv7nTM9Y1QQYQBX9RTKuRepd1SaCShC,CPrAurx5VjGagUqebweRwv9i38Df98aEDUbdmv3Ke3oF,So11111111111111111111111111111111111111112,0.0006125579999999853
3Aufa6hbwuEU6avSNXA6BwHzodLuHLHpMjcBGXYHxd9otiX8jBMuK4J6zS6ohGSgCbbmaPqdYVMcje1CQm2i89Tv,ZENTek3ovPqhZXZYg1RfMQtX3SpeNzDFUCTBCDFBj8B,EPjFWdd5AufqSSqeM2qN1xzybapC8G4wEGGkZwyTDt1v,0.0024150000000133787
32zBDysHkaTMCVkPUvV7VKxTpijWP3Ag1Jarswh56ox7Ts5hGvn9zXwiwcyBb6cLWmDUXG5ewZRHuHGZP2bVSejZ,4hXZL9iXMvYiMdYnbSzZos4b1r5QUciLPpZ5rPSJou87,So11111111111111111111111111111111111111112,0.006386966999999966
3tRoJb6k8iJjbxZ4nuEFTsMhSpVbYQw8NtM5JHjsB9BaYbCVGYrkfckjZ7dtzkHRtFqCK4CLACRJRm4V9Pgc4mL7,7dGrdJRYtsNR8UYxZ3TnifXGjGc9eRYLq9sELwYpuuUu,So11111111111111111111111111111111111111112,0.008993659999999959
5SBYwUnkfhz3KJz1gVV2tYVDuKxvRaSHozWqiZ1BzY4aXxjxF8q4yNnokxgnVw5pte79gcge1bPSugyic1YeBuum,75ULw1FyG5ZY7aJ9eWGpkydbrP7KQhF6ULZA4Ho9axVi,So11111111111111111111111111111111111111112,0.000534295000000018
5ncQWLQPug7m3zfuupYSvX5DdrXMzf12qCszfVEpwkBQCaCdAMBAL3dSA7GS2CDjEKuGAQfLU266Ng2thGd81pfg,CbNMHuRaj6DHDzrEn9qDzJC2yo69rb6sntXGpzjhaCs,So11111111111111111111111111111111111111112,0.0002576410000000029
3PcdNr31BNTDXJDxSMaeUB39BRZqrws33WtJRq2Y1QXHRMDXD2eLpeMMUtvmdfyeymJ8dFVYP2mt2GjJbdu5T2mR,EuLceVgXMaJNPT7C88pnL7DRWcf1poy9BCeWY1GL8Agd,So11111111111111111111111111111111111111112,0.00014863399999999471
3qutvvxQrFWeMcDU6qmX53b1zuqhoggLth5SnvJbWUpxiEsVBXL87qmFPnwECWgY4mYxjQHXVqoVJrm4jhEvGZtm,A6ovWDuACpuH4ZhAXv4gqG8LrDpCbwQpUFiscaZv9vb8,So11111111111111111111111111111111111111112,0.0003666250000000093
5iKcB1MJqBM3VZtY2N3YKTu9mJwGTJu9y8bGgcqJzMHdZDTLPJDbobvbrcpuVxFiyzkdSfHSa4QLs8iCG4m2AMXz,ByL8L3Ns8hfy17TUNcKiKjQgnLEHgHcPBpekAdnuyeM4,So11111111111111111111111111111111111111112,0.0003718769999999927
3KhaSYURhaTRNgHE1aKFDDV3N7A3S2v5XbqsKT13d6tqaPbnK6hS3DRYZv11T4XCMCvDqktLE1UXcKtvS6HPsnNA,A6ovWDuACpuH4ZhAXv4gqG8LrDpCbwQpUFiscaZv9vb8,So11111111111111111111111111111111111111112,0.00034320099999998743
n5gmTe6UFPqFujyciA8qgCYw4sULbrRDASkMtxbERhgeQbjaTNa75xwcsqn8VLkcziMqhzyckTJ86KeMkPU8Aa5,915xo7soBvFDQrr57bWnCPTy2ZFBAMscT3JQts59bpwg,EPjFWdd5AufqSSqeM2qN1xzybapC8G4wEGGkZwyTDt1v,2.6270640000000185
rcDzUnUTgRegtNwESuUPCQ65hyuHrnfgWeU2tTX31pxjCpMTc6f4shgRKNKgUPTkHekirkJaGFDyCF4ZUeJLvxs,75ULw1FyG5ZY7aJ9eWGpkydbrP7KQhF6ULZA4Ho9axVi,So11111111111111111111111111111111111111112,0.0019009069999999795
49soGdZjqcMxifLtvn3Qmjt8HbsXqo1rXG54rPdEyx5vGjTMTmVxHs4qs8V6EuMNeqdaKJ5SPuT225u8SjdyvvL2,63ij5wqq2ZQF86uLoH5aH3fZBNyqK9smemuqn7srpZwM,So11111111111111111111111111111111111111112,8.781699999999698e-05
4ZhKUN9w54pFmbh5gta8iKMBLxhNxrYhDjweRA3CKXMHqUSscnnJMguaEEgHPWTm9ZjkE2GHrgKPEixSYEpHD8PG,5NTkFDToxHxbHWMiDxsCUYaZVgXWVancynYqfGUtLV2n,So11111111111111111111111111111111111111112,4.6840999999998856e-05
2jRUR61aTzEKKxrgwVXpJXnyPGNQs8aqqBTnvp7oNNG73NKuf2y2BFgGDrtzQpCwsqT5LKQBhGR7HbAUUwnXk3qm,HXzkkswG8A2etA2nWWQg6NQKoy4zXrZP5JmXYFrYNRdz,So11111111111111111111111111111111111111112,0.00021052099999999997
2Gm1DMVBRv9b9QdMypbXd9PDbhYxjKGzAbhvNsMEwDCC9M4dyhPbrBH7N7vTnPnQU5pWKKA8daLvzNhLSP1aHHAk,Cdx4Yt2TED94J9fPbDqmJCwvmguzekkFhq35AauCpT4R,So11111111111111111111111111111111111111112,0.42694458100000077
4Wk6qWb96fr15ejMf6wbSA9qRbnaGU8X7oiFu78MPs51S69oGv8mPzNqUTBbdPbu8xVrXtUFLrHatgpDBJTxaaKs,3Lpi3SF1kVwaUufCBWmxzCDHAjbgxYVpN2KpfC7c5Y4C,So11111111111111111111111111111111111111112,0.059476403000000566
38Wyg9UgPoVFzvHT8aCJwPg36woL63tNoTZEAdmedcCHqZ89tMeFqAsbeVHyNuZNWcda6dF1K7hJjhXeTc1eLrEk,HzuK5PCN6gi8gaKHZwRMhXS4sJiHyUFM3dtBHXLykVQU,So11111111111111111111111111111111111111112,0.0973908520000002
a9EZQr44RV3sXX76dTuD2WvF4TcnNjmfC7kuCmTAqEMHV6SHGFzVKtWKJvscWQRBNf9BNt9wYsaG49cCPWjo3bX,A6ovWDuACpuH4ZhAXv4gqG8LrDpCbwQpUFiscaZv9vb8,So11111111111111111111111111111111111111112,0.00036972700000000025
4qqT5pkJnBiDkB33kZi7WLhLzXVsAutKipZz7Fk4Yd1cn5oSC6KRmwxKn1c13bNJoFz32VHGxbaoprbv1A1vsH76,5BwZUVNcAJtcdN55t83pjy4TVYtrQbCLLdnw2Vu5uKoN,EPjFWdd5AufqSSqeM2qN1xzybapC8G4wEGGkZwyTDt1v,0.10359099999999444
RQm7jxAZK9miCRWUxmhQJogHJuoT8H2fdToLSDdyfGNA3fkrME1RNsqkSybQAiQQXSciCj1V649MqA4ieyWteBG,HvFdDWS3RqymRAVx1ZdoL2RjiC38r5dtt19Z8op5jqDK,EPjFWdd5AufqSSqeM2qN1xzybapC8G4wEGGkZwyTDt1v,0.016096999999999362
VSAAHZ2YEZcP9AQ5WxXyjjBEbmzaAX9zrE8MrJZMeRUwLpDefik3spye8h1r33w33MakEwDMCxYvYUh7kH2qrbZ,4eTTE8YVcVa2i2ww1bdzj8uFSC7HTUfMAqhudH6LtzcS,So11111111111111111111111111111111111111112,0.0003811719999999852
